,state_of_mask,file_name
0,without_mask,0.png
1,with_mask,1.png
2,without_mask,2.png
3,with_mask,3.png
4,with_mask,4.png
5,with_mask,5.png
6,with_mask,6.png
7,with_mask,7.png
8,with_mask,8.png
9,with_mask,9.png
10,with_mask,10.png
11,without_mask,11.png
12,with_mask,12.png
13,with_mask,13.png
14,with_mask,14.png
15,with_mask,15.png
16,with_mask,16.png
17,with_mask,17.png
18,with_mask,18.png
19,with_mask,19.png
20,with_mask,20.png
21,with_mask,21.png
22,without_mask,22.png
23,without_mask,23.png
24,without_mask,24.png
25,with_mask,25.png
26,with_mask,26.png
27,without_mask,27.png
28,without_mask,28.png
29,without_mask,29.png
30,with_mask,30.png
31,with_mask,31.png
32,with_mask,32.png
33,with_mask,33.png
34,with_mask,34.png
35,with_mask,35.png
36,with_mask,36.png
37,with_mask,37.png
38,with_mask,38.png
39,with_mask,39.png
40,with_mask,40.png
41,with_mask,41.png
42,with_mask,42.png
43,with_mask,43.png
44,with_mask,44.png
45,without_mask,45.png
46,with_mask,46.png
47,mask_weared_incorrect,47.png
48,with_mask,48.png
49,with_mask,49.png
50,with_mask,50.png
51,with_mask,51.png
52,with_mask,52.png
53,with_mask,53.png
54,with_mask,54.png
55,with_mask,55.png
56,with_mask,56.png
57,with_mask,57.png
58,with_mask,58.png
59,with_mask,59.png
60,with_mask,60.png
61,with_mask,61.png
62,with_mask,62.png
63,without_mask,63.png
64,without_mask,64.png
65,with_mask,65.png
66,with_mask,66.png
67,without_mask,67.png
68,without_mask,68.png
69,without_mask,69.png
70,without_mask,70.png
71,with_mask,71.png
72,without_mask,72.png
73,without_mask,73.png
74,without_mask,74.png
75,without_mask,75.png
76,with_mask,76.png
77,with_mask,77.png
78,without_mask,78.png
79,without_mask,79.png
80,without_mask,80.png
81,without_mask,81.png
82,with_mask,82.png
83,without_mask,83.png
84,with_mask,84.png
85,with_mask,85.png
86,without_mask,86.png
87,without_mask,87.png
88,with_mask,88.png
89,with_mask,89.png
90,with_mask,90.png
91,with_mask,91.png
92,without_mask,92.png
93,without_mask,93.png
94,with_mask,94.png
95,with_mask,95.png
96,with_mask,96.png
97,with_mask,97.png
98,with_mask,98.png
99,with_mask,99.png
100,without_mask,100.png
101,mask_weared_incorrect,101.png
102,with_mask,102.png
103,with_mask,103.png
104,with_mask,104.png
105,without_mask,105.png
106,without_mask,106.png
107,with_mask,107.png
108,with_mask,108.png
109,with_mask,109.png
110,with_mask,110.png
111,with_mask,111.png
112,with_mask,112.png
113,with_mask,113.png
114,with_mask,114.png
115,with_mask,115.png
116,with_mask,116.png
117,with_mask,117.png
118,with_mask,118.png
119,with_mask,119.png
120,with_mask,120.png
121,with_mask,121.png
122,with_mask,122.png
123,with_mask,123.png
124,with_mask,124.png
125,with_mask,125.png
126,with_mask,126.png
127,with_mask,127.png
128,with_mask,128.png
129,with_mask,129.png
130,without_mask,130.png
131,without_mask,131.png
132,with_mask,132.png
133,with_mask,133.png
134,with_mask,134.png
135,with_mask,135.png
136,with_mask,136.png
137,with_mask,137.png
138,with_mask,138.png
139,with_mask,139.png
140,with_mask,140.png
141,with_mask,141.png
142,without_mask,142.png
143,with_mask,143.png
144,with_mask,144.png
145,with_mask,145.png
146,without_mask,146.png
147,without_mask,147.png
148,without_mask,148.png
149,without_mask,149.png
150,without_mask,150.png
151,without_mask,151.png
152,without_mask,152.png
153,with_mask,153.png
154,with_mask,154.png
155,with_mask,155.png
156,with_mask,156.png
157,with_mask,157.png
158,with_mask,158.png
159,without_mask,159.png
160,without_mask,160.png
161,without_mask,161.png
162,with_mask,162.png
163,with_mask,163.png
164,without_mask,164.png
165,with_mask,165.png
166,without_mask,166.png
167,without_mask,167.png
168,without_mask,168.png
169,with_mask,169.png
170,with_mask,170.png
171,with_mask,171.png
172,mask_weared_incorrect,172.png
173,with_mask,173.png
174,with_mask,174.png
175,with_mask,175.png
176,mask_weared_incorrect,176.png
177,mask_weared_incorrect,177.png
178,without_mask,178.png
179,without_mask,179.png
180,with_mask,180.png
181,with_mask,181.png
182,without_mask,182.png
183,with_mask,183.png
184,without_mask,184.png
185,with_mask,185.png
186,without_mask,186.png
187,without_mask,187.png
188,mask_weared_incorrect,188.png
189,with_mask,189.png
190,with_mask,190.png
191,without_mask,191.png
192,with_mask,192.png
193,with_mask,193.png
194,with_mask,194.png
195,without_mask,195.png
196,with_mask,196.png
197,with_mask,197.png
198,with_mask,198.png
199,with_mask,199.png
200,without_mask,200.png
201,without_mask,201.png
202,with_mask,202.png
203,with_mask,203.png
204,without_mask,204.png
205,without_mask,205.png
206,with_mask,206.png
207,with_mask,207.png
208,with_mask,208.png
209,with_mask,209.png
210,with_mask,210.png
211,without_mask,211.png
212,with_mask,212.png
213,with_mask,213.png
214,with_mask,214.png
215,mask_weared_incorrect,215.png
216,with_mask,216.png
217,with_mask,217.png
218,with_mask,218.png
219,with_mask,219.png
220,with_mask,220.png
221,with_mask,221.png
222,with_mask,222.png
223,with_mask,223.png
224,with_mask,224.png
225,with_mask,225.png
226,with_mask,226.png
227,with_mask,227.png
228,without_mask,228.png
229,with_mask,229.png
230,with_mask,230.png
231,with_mask,231.png
232,with_mask,232.png
233,with_mask,233.png
234,with_mask,234.png
235,with_mask,235.png
236,with_mask,236.png
237,with_mask,237.png
238,mask_weared_incorrect,238.png
239,mask_weared_incorrect,239.png
240,without_mask,240.png
241,with_mask,241.png
242,with_mask,242.png
243,without_mask,243.png
244,with_mask,244.png
245,with_mask,245.png
246,with_mask,246.png
247,with_mask,247.png
248,without_mask,248.png
249,without_mask,249.png
250,with_mask,250.png
251,without_mask,251.png
252,with_mask,252.png
253,with_mask,253.png
254,with_mask,254.png
255,with_mask,255.png
256,with_mask,256.png
257,with_mask,257.png
258,with_mask,258.png
259,with_mask,259.png
260,with_mask,260.png
261,with_mask,261.png
262,without_mask,262.png
263,with_mask,263.png
264,with_mask,264.png
265,with_mask,265.png
266,with_mask,266.png
267,with_mask,267.png
268,with_mask,268.png
269,mask_weared_incorrect,269.png
270,with_mask,270.png
271,with_mask,271.png
272,with_mask,272.png
273,with_mask,273.png
274,with_mask,274.png
275,with_mask,275.png
276,with_mask,276.png
277,with_mask,277.png
278,with_mask,278.png
279,with_mask,279.png
280,without_mask,280.png
281,without_mask,281.png
282,with_mask,282.png
283,with_mask,283.png
284,with_mask,284.png
285,with_mask,285.png
286,with_mask,286.png
287,with_mask,287.png
288,with_mask,288.png
289,with_mask,289.png
290,mask_weared_incorrect,290.png
291,mask_weared_incorrect,291.png
292,mask_weared_incorrect,292.png
293,without_mask,293.png
294,without_mask,294.png
295,without_mask,295.png
296,without_mask,296.png
297,without_mask,297.png
298,without_mask,298.png
299,with_mask,299.png
300,without_mask,300.png
301,with_mask,301.png
302,with_mask,302.png
303,with_mask,303.png
304,with_mask,304.png
305,with_mask,305.png
306,with_mask,306.png
307,with_mask,307.png
308,with_mask,308.png
309,with_mask,309.png
310,with_mask,310.png
311,with_mask,311.png
312,with_mask,312.png
313,with_mask,313.png
314,with_mask,314.png
315,with_mask,315.png
316,with_mask,316.png
317,with_mask,317.png
318,with_mask,318.png
319,with_mask,319.png
320,with_mask,320.png
321,with_mask,321.png
322,with_mask,322.png
323,with_mask,323.png
324,with_mask,324.png
325,with_mask,325.png
326,with_mask,326.png
327,with_mask,327.png
328,with_mask,328.png
329,with_mask,329.png
330,with_mask,330.png
331,without_mask,331.png
332,with_mask,332.png
333,with_mask,333.png
334,with_mask,334.png
335,with_mask,335.png
336,without_mask,336.png
337,with_mask,337.png
338,with_mask,338.png
339,with_mask,339.png
340,with_mask,340.png
341,with_mask,341.png
342,with_mask,342.png
343,without_mask,343.png
344,without_mask,344.png
345,with_mask,345.png
346,with_mask,346.png
347,with_mask,347.png
348,with_mask,348.png
349,with_mask,349.png
350,with_mask,350.png
351,with_mask,351.png
352,with_mask,352.png
353,with_mask,353.png
354,with_mask,354.png
355,with_mask,355.png
356,with_mask,356.png
357,with_mask,357.png
358,with_mask,358.png
359,with_mask,359.png
360,with_mask,360.png
361,without_mask,361.png
362,with_mask,362.png
363,with_mask,363.png
364,with_mask,364.png
365,without_mask,365.png
366,with_mask,366.png
367,with_mask,367.png
368,with_mask,368.png
369,with_mask,369.png
370,without_mask,370.png
371,with_mask,371.png
372,mask_weared_incorrect,372.png
373,with_mask,373.png
374,with_mask,374.png
375,with_mask,375.png
376,with_mask,376.png
377,with_mask,377.png
378,with_mask,378.png
379,with_mask,379.png
380,with_mask,380.png
381,with_mask,381.png
382,with_mask,382.png
383,with_mask,383.png
384,with_mask,384.png
385,with_mask,385.png
386,mask_weared_incorrect,386.png
387,without_mask,387.png
388,without_mask,388.png
389,without_mask,389.png
390,with_mask,390.png
391,with_mask,391.png
392,with_mask,392.png
393,without_mask,393.png
394,without_mask,394.png
395,with_mask,395.png
396,with_mask,396.png
397,without_mask,397.png
398,without_mask,398.png
399,with_mask,399.png
400,with_mask,400.png
401,with_mask,401.png
402,with_mask,402.png
403,with_mask,403.png
404,without_mask,404.png
405,without_mask,405.png
406,with_mask,406.png
407,with_mask,407.png
408,with_mask,408.png
409,without_mask,409.png
410,without_mask,410.png
411,with_mask,411.png
412,with_mask,412.png
413,with_mask,413.png
414,with_mask,414.png
415,with_mask,415.png
416,with_mask,416.png
417,with_mask,417.png
418,with_mask,418.png
419,with_mask,419.png
420,with_mask,420.png
421,with_mask,421.png
422,with_mask,422.png
423,with_mask,423.png
424,with_mask,424.png
425,with_mask,425.png
426,with_mask,426.png
427,with_mask,427.png
428,without_mask,428.png
429,without_mask,429.png
430,with_mask,430.png
431,without_mask,431.png
432,with_mask,432.png
433,without_mask,433.png
434,with_mask,434.png
435,with_mask,435.png
436,without_mask,436.png
437,with_mask,437.png
438,with_mask,438.png
439,with_mask,439.png
440,with_mask,440.png
441,with_mask,441.png
442,with_mask,442.png
443,without_mask,443.png
444,with_mask,444.png
445,with_mask,445.png
446,with_mask,446.png
447,with_mask,447.png
448,with_mask,448.png
449,mask_weared_incorrect,449.png
450,with_mask,450.png
451,with_mask,451.png
452,with_mask,452.png
453,with_mask,453.png
454,with_mask,454.png
455,with_mask,455.png
456,mask_weared_incorrect,456.png
457,with_mask,457.png
458,with_mask,458.png
459,with_mask,459.png
460,with_mask,460.png
461,with_mask,461.png
462,with_mask,462.png
463,with_mask,463.png
464,with_mask,464.png
465,with_mask,465.png
466,with_mask,466.png
467,with_mask,467.png
468,with_mask,468.png
469,with_mask,469.png
470,with_mask,470.png
471,with_mask,471.png
472,with_mask,472.png
473,with_mask,473.png
474,with_mask,474.png
475,with_mask,475.png
476,with_mask,476.png
477,with_mask,477.png
478,with_mask,478.png
479,with_mask,479.png
480,with_mask,480.png
481,with_mask,481.png
482,with_mask,482.png
483,with_mask,483.png
484,with_mask,484.png
485,with_mask,485.png
486,with_mask,486.png
487,with_mask,487.png
488,with_mask,488.png
489,with_mask,489.png
490,with_mask,490.png
491,with_mask,491.png
492,with_mask,492.png
493,with_mask,493.png
494,mask_weared_incorrect,494.png
495,without_mask,495.png
496,without_mask,496.png
497,with_mask,497.png
498,with_mask,498.png
499,with_mask,499.png
500,with_mask,500.png
501,with_mask,501.png
502,with_mask,502.png
503,without_mask,503.png
504,without_mask,504.png
505,without_mask,505.png
506,without_mask,506.png
507,without_mask,507.png
508,with_mask,508.png
509,without_mask,509.png
510,without_mask,510.png
511,without_mask,511.png
512,with_mask,512.png
513,without_mask,513.png
514,without_mask,514.png
515,without_mask,515.png
516,without_mask,516.png
517,with_mask,517.png
518,with_mask,518.png
519,with_mask,519.png
520,with_mask,520.png
521,without_mask,521.png
522,with_mask,522.png
523,with_mask,523.png
524,with_mask,524.png
525,with_mask,525.png
526,with_mask,526.png
527,with_mask,527.png
528,with_mask,528.png
529,with_mask,529.png
530,with_mask,530.png
531,with_mask,531.png
532,with_mask,532.png
533,with_mask,533.png
534,with_mask,534.png
535,with_mask,535.png
536,with_mask,536.png
537,with_mask,537.png
538,with_mask,538.png
539,without_mask,539.png
540,without_mask,540.png
541,without_mask,541.png
542,with_mask,542.png
543,with_mask,543.png
544,with_mask,544.png
545,with_mask,545.png
546,with_mask,546.png
547,with_mask,547.png
548,with_mask,548.png
549,with_mask,549.png
550,with_mask,550.png
551,with_mask,551.png
552,with_mask,552.png
553,with_mask,553.png
554,without_mask,554.png
555,with_mask,555.png
556,with_mask,556.png
557,with_mask,557.png
558,with_mask,558.png
559,with_mask,559.png
560,with_mask,560.png
561,with_mask,561.png
562,with_mask,562.png
563,with_mask,563.png
564,with_mask,564.png
565,with_mask,565.png
566,with_mask,566.png
567,with_mask,567.png
568,without_mask,568.png
569,with_mask,569.png
570,with_mask,570.png
571,with_mask,571.png
572,with_mask,572.png
573,with_mask,573.png
574,with_mask,574.png
575,with_mask,575.png
576,with_mask,576.png
577,with_mask,577.png
578,mask_weared_incorrect,578.png
579,without_mask,579.png
580,without_mask,580.png
581,without_mask,581.png
582,without_mask,582.png
583,with_mask,583.png
584,without_mask,584.png
585,without_mask,585.png
586,without_mask,586.png
587,with_mask,587.png
588,with_mask,588.png
589,with_mask,589.png
590,with_mask,590.png
591,with_mask,591.png
592,with_mask,592.png
593,with_mask,593.png
594,with_mask,594.png
595,with_mask,595.png
596,with_mask,596.png
597,with_mask,597.png
598,with_mask,598.png
599,with_mask,599.png
600,with_mask,600.png
601,with_mask,601.png
602,with_mask,602.png
603,with_mask,603.png
604,with_mask,604.png
605,with_mask,605.png
606,with_mask,606.png
607,with_mask,607.png
608,with_mask,608.png
609,with_mask,609.png
610,with_mask,610.png
611,with_mask,611.png
612,with_mask,612.png
613,with_mask,613.png
614,with_mask,614.png
615,with_mask,615.png
616,with_mask,616.png
617,with_mask,617.png
618,with_mask,618.png
619,with_mask,619.png
620,with_mask,620.png
621,with_mask,621.png
622,with_mask,622.png
623,with_mask,623.png
624,with_mask,624.png
625,with_mask,625.png
626,with_mask,626.png
627,with_mask,627.png
628,with_mask,628.png
629,with_mask,629.png
630,with_mask,630.png
631,with_mask,631.png
632,with_mask,632.png
633,with_mask,633.png
634,with_mask,634.png
635,with_mask,635.png
636,with_mask,636.png
637,with_mask,637.png
638,with_mask,638.png
639,with_mask,639.png
640,with_mask,640.png
641,with_mask,641.png
642,with_mask,642.png
643,with_mask,643.png
644,with_mask,644.png
645,with_mask,645.png
646,with_mask,646.png
647,with_mask,647.png
648,with_mask,648.png
649,with_mask,649.png
650,with_mask,650.png
651,with_mask,651.png
652,with_mask,652.png
653,without_mask,653.png
654,with_mask,654.png
655,with_mask,655.png
656,with_mask,656.png
657,with_mask,657.png
658,with_mask,658.png
659,with_mask,659.png
660,with_mask,660.png
661,with_mask,661.png
662,with_mask,662.png
663,with_mask,663.png
664,with_mask,664.png
665,with_mask,665.png
666,without_mask,666.png
667,mask_weared_incorrect,667.png
668,without_mask,668.png
669,without_mask,669.png
670,without_mask,670.png
671,without_mask,671.png
672,without_mask,672.png
673,without_mask,673.png
674,without_mask,674.png
675,without_mask,675.png
676,without_mask,676.png
677,without_mask,677.png
678,without_mask,678.png
679,without_mask,679.png
680,without_mask,680.png
681,without_mask,681.png
682,without_mask,682.png
683,with_mask,683.png
684,with_mask,684.png
685,without_mask,685.png
686,without_mask,686.png
687,with_mask,687.png
688,without_mask,688.png
689,without_mask,689.png
690,without_mask,690.png
691,without_mask,691.png
692,without_mask,692.png
693,without_mask,693.png
694,without_mask,694.png
695,without_mask,695.png
696,with_mask,696.png
697,without_mask,697.png
698,without_mask,698.png
699,without_mask,699.png
700,without_mask,700.png
701,without_mask,701.png
702,without_mask,702.png
703,without_mask,703.png
704,without_mask,704.png
705,without_mask,705.png
706,without_mask,706.png
707,without_mask,707.png
708,without_mask,708.png
709,without_mask,709.png
710,without_mask,710.png
711,without_mask,711.png
712,without_mask,712.png
713,without_mask,713.png
714,without_mask,714.png
715,without_mask,715.png
716,without_mask,716.png
717,without_mask,717.png
718,without_mask,718.png
719,without_mask,719.png
720,without_mask,720.png
721,without_mask,721.png
722,without_mask,722.png
723,without_mask,723.png
724,without_mask,724.png
725,without_mask,725.png
726,without_mask,726.png
727,without_mask,727.png
728,without_mask,728.png
729,with_mask,729.png
730,with_mask,730.png
731,with_mask,731.png
732,without_mask,732.png
733,with_mask,733.png
734,without_mask,734.png
735,with_mask,735.png
736,with_mask,736.png
737,with_mask,737.png
738,with_mask,738.png
739,with_mask,739.png
740,with_mask,740.png
741,with_mask,741.png
742,with_mask,742.png
743,with_mask,743.png
744,with_mask,744.png
745,with_mask,745.png
746,with_mask,746.png
747,with_mask,747.png
748,with_mask,748.png
749,with_mask,749.png
750,with_mask,750.png
751,with_mask,751.png
752,with_mask,752.png
753,with_mask,753.png
754,with_mask,754.png
755,with_mask,755.png
756,with_mask,756.png
757,with_mask,757.png
758,with_mask,758.png
759,without_mask,759.png
760,with_mask,760.png
761,without_mask,761.png
762,without_mask,762.png
763,with_mask,763.png
764,with_mask,764.png
765,without_mask,765.png
766,without_mask,766.png
767,mask_weared_incorrect,767.png
768,mask_weared_incorrect,768.png
769,with_mask,769.png
770,with_mask,770.png
771,with_mask,771.png
772,with_mask,772.png
773,with_mask,773.png
774,with_mask,774.png
775,with_mask,775.png
776,with_mask,776.png
777,with_mask,777.png
778,with_mask,778.png
779,with_mask,779.png
780,with_mask,780.png
781,with_mask,781.png
782,with_mask,782.png
783,with_mask,783.png
784,without_mask,784.png
785,with_mask,785.png
786,with_mask,786.png
787,with_mask,787.png
788,with_mask,788.png
789,with_mask,789.png
790,with_mask,790.png
791,with_mask,791.png
792,with_mask,792.png
793,with_mask,793.png
794,with_mask,794.png
795,with_mask,795.png
796,with_mask,796.png
797,with_mask,797.png
798,with_mask,798.png
799,mask_weared_incorrect,799.png
800,without_mask,800.png
801,without_mask,801.png
802,without_mask,802.png
803,without_mask,803.png
804,without_mask,804.png
805,with_mask,805.png
806,with_mask,806.png
807,with_mask,807.png
808,with_mask,808.png
809,without_mask,809.png
810,with_mask,810.png
811,with_mask,811.png
812,with_mask,812.png
813,with_mask,813.png
814,with_mask,814.png
815,with_mask,815.png
816,with_mask,816.png
817,with_mask,817.png
818,with_mask,818.png
819,with_mask,819.png
820,with_mask,820.png
821,with_mask,821.png
822,with_mask,822.png
823,with_mask,823.png
824,mask_weared_incorrect,824.png
825,with_mask,825.png
826,with_mask,826.png
827,with_mask,827.png
828,with_mask,828.png
829,with_mask,829.png
830,with_mask,830.png
831,with_mask,831.png
832,with_mask,832.png
833,with_mask,833.png
834,with_mask,834.png
835,with_mask,835.png
836,with_mask,836.png
837,with_mask,837.png
838,with_mask,838.png
839,with_mask,839.png
840,with_mask,840.png
841,with_mask,841.png
842,with_mask,842.png
843,with_mask,843.png
844,with_mask,844.png
845,with_mask,845.png
846,with_mask,846.png
847,without_mask,847.png
848,with_mask,848.png
849,with_mask,849.png
850,with_mask,850.png
851,mask_weared_incorrect,851.png
852,with_mask,852.png
853,with_mask,853.png
854,with_mask,854.png
855,with_mask,855.png
856,with_mask,856.png
857,with_mask,857.png
858,with_mask,858.png
859,with_mask,859.png
860,with_mask,860.png
861,with_mask,861.png
862,with_mask,862.png
863,with_mask,863.png
864,with_mask,864.png
865,with_mask,865.png
866,with_mask,866.png
867,with_mask,867.png
868,with_mask,868.png
869,with_mask,869.png
870,with_mask,870.png
871,with_mask,871.png
872,with_mask,872.png
873,with_mask,873.png
874,with_mask,874.png
875,with_mask,875.png
876,with_mask,876.png
877,with_mask,877.png
878,with_mask,878.png
879,with_mask,879.png
880,with_mask,880.png
881,with_mask,881.png
882,with_mask,882.png
883,with_mask,883.png
884,with_mask,884.png
885,with_mask,885.png
886,with_mask,886.png
887,with_mask,887.png
888,with_mask,888.png
889,with_mask,889.png
890,with_mask,890.png
891,with_mask,891.png
892,with_mask,892.png
893,with_mask,893.png
894,with_mask,894.png
895,with_mask,895.png
896,with_mask,896.png
897,with_mask,897.png
898,with_mask,898.png
899,with_mask,899.png
900,with_mask,900.png
901,with_mask,901.png
902,with_mask,902.png
903,with_mask,903.png
904,with_mask,904.png
905,with_mask,905.png
906,with_mask,906.png
907,with_mask,907.png
908,with_mask,908.png
909,with_mask,909.png
910,with_mask,910.png
911,without_mask,911.png
912,without_mask,912.png
913,without_mask,913.png
914,with_mask,914.png
915,without_mask,915.png
916,with_mask,916.png
917,with_mask,917.png
918,with_mask,918.png
919,with_mask,919.png
920,with_mask,920.png
921,with_mask,921.png
922,with_mask,922.png
923,with_mask,923.png
924,with_mask,924.png
925,with_mask,925.png
926,with_mask,926.png
927,with_mask,927.png
928,with_mask,928.png
929,with_mask,929.png
930,with_mask,930.png
931,with_mask,931.png
932,with_mask,932.png
933,with_mask,933.png
934,with_mask,934.png
935,with_mask,935.png
936,with_mask,936.png
937,without_mask,937.png
938,without_mask,938.png
939,with_mask,939.png
940,with_mask,940.png
941,with_mask,941.png
942,with_mask,942.png
943,with_mask,943.png
944,with_mask,944.png
945,with_mask,945.png
946,without_mask,946.png
947,without_mask,947.png
948,without_mask,948.png
949,with_mask,949.png
950,mask_weared_incorrect,950.png
951,with_mask,951.png
952,with_mask,952.png
953,with_mask,953.png
954,mask_weared_incorrect,954.png
955,without_mask,955.png
956,with_mask,956.png
957,with_mask,957.png
958,with_mask,958.png
959,with_mask,959.png
960,with_mask,960.png
961,with_mask,961.png
962,with_mask,962.png
963,with_mask,963.png
964,with_mask,964.png
965,with_mask,965.png
966,with_mask,966.png
967,with_mask,967.png
968,with_mask,968.png
969,with_mask,969.png
970,with_mask,970.png
971,with_mask,971.png
972,without_mask,972.png
973,without_mask,973.png
974,with_mask,974.png
975,with_mask,975.png
976,with_mask,976.png
977,with_mask,977.png
978,with_mask,978.png
979,with_mask,979.png
980,with_mask,980.png
981,with_mask,981.png
982,with_mask,982.png
983,with_mask,983.png
984,with_mask,984.png
985,without_mask,985.png
986,without_mask,986.png
987,with_mask,987.png
988,with_mask,988.png
989,without_mask,989.png
990,mask_weared_incorrect,990.png
991,with_mask,991.png
992,with_mask,992.png
993,without_mask,993.png
994,without_mask,994.png
995,with_mask,995.png
996,with_mask,996.png
997,with_mask,997.png
998,with_mask,998.png
999,with_mask,999.png
1000,with_mask,1000.png
1001,with_mask,1001.png
1002,with_mask,1002.png
1003,with_mask,1003.png
1004,mask_weared_incorrect,1004.png
1005,with_mask,1005.png
1006,with_mask,1006.png
1007,with_mask,1007.png
1008,with_mask,1008.png
1009,with_mask,1009.png
1010,with_mask,1010.png
1011,with_mask,1011.png
1012,with_mask,1012.png
1013,with_mask,1013.png
1014,with_mask,1014.png
1015,with_mask,1015.png
1016,with_mask,1016.png
1017,with_mask,1017.png
1018,with_mask,1018.png
1019,with_mask,1019.png
1020,with_mask,1020.png
1021,with_mask,1021.png
1022,without_mask,1022.png
1023,without_mask,1023.png
1024,with_mask,1024.png
1025,mask_weared_incorrect,1025.png
1026,mask_weared_incorrect,1026.png
1027,with_mask,1027.png
1028,with_mask,1028.png
1029,with_mask,1029.png
1030,with_mask,1030.png
1031,with_mask,1031.png
1032,with_mask,1032.png
1033,with_mask,1033.png
1034,with_mask,1034.png
1035,with_mask,1035.png
1036,with_mask,1036.png
1037,with_mask,1037.png
1038,with_mask,1038.png
1039,with_mask,1039.png
1040,with_mask,1040.png
1041,with_mask,1041.png
1042,with_mask,1042.png
1043,with_mask,1043.png
1044,with_mask,1044.png
1045,with_mask,1045.png
1046,without_mask,1046.png
1047,without_mask,1047.png
1048,without_mask,1048.png
1049,with_mask,1049.png
1050,with_mask,1050.png
1051,with_mask,1051.png
1052,without_mask,1052.png
1053,without_mask,1053.png
1054,with_mask,1054.png
1055,without_mask,1055.png
1056,with_mask,1056.png
1057,without_mask,1057.png
1058,with_mask,1058.png
1059,without_mask,1059.png
1060,without_mask,1060.png
1061,with_mask,1061.png
1062,with_mask,1062.png
1063,with_mask,1063.png
1064,without_mask,1064.png
1065,with_mask,1065.png
1066,with_mask,1066.png
1067,with_mask,1067.png
1068,without_mask,1068.png
1069,without_mask,1069.png
1070,with_mask,1070.png
1071,with_mask,1071.png
1072,with_mask,1072.png
1073,without_mask,1073.png
1074,without_mask,1074.png
1075,with_mask,1075.png
1076,with_mask,1076.png
1077,with_mask,1077.png
1078,with_mask,1078.png
1079,with_mask,1079.png
1080,without_mask,1080.png
1081,without_mask,1081.png
1082,without_mask,1082.png
1083,with_mask,1083.png
1084,without_mask,1084.png
1085,with_mask,1085.png
1086,without_mask,1086.png
1087,with_mask,1087.png
1088,with_mask,1088.png
1089,with_mask,1089.png
1090,with_mask,1090.png
1091,with_mask,1091.png
1092,with_mask,1092.png
1093,with_mask,1093.png
1094,with_mask,1094.png
1095,with_mask,1095.png
1096,with_mask,1096.png
1097,with_mask,1097.png
1098,without_mask,1098.png
1099,with_mask,1099.png
1100,with_mask,1100.png
1101,with_mask,1101.png
1102,with_mask,1102.png
1103,with_mask,1103.png
1104,with_mask,1104.png
1105,without_mask,1105.png
1106,with_mask,1106.png
1107,with_mask,1107.png
1108,with_mask,1108.png
1109,with_mask,1109.png
1110,with_mask,1110.png
1111,with_mask,1111.png
1112,with_mask,1112.png
1113,with_mask,1113.png
1114,with_mask,1114.png
1115,with_mask,1115.png
1116,without_mask,1116.png
1117,with_mask,1117.png
1118,with_mask,1118.png
1119,with_mask,1119.png
1120,without_mask,1120.png
1121,with_mask,1121.png
1122,with_mask,1122.png
1123,with_mask,1123.png
1124,with_mask,1124.png
1125,with_mask,1125.png
1126,with_mask,1126.png
1127,with_mask,1127.png
1128,with_mask,1128.png
1129,with_mask,1129.png
1130,with_mask,1130.png
1131,with_mask,1131.png
1132,with_mask,1132.png
1133,with_mask,1133.png
1134,with_mask,1134.png
1135,with_mask,1135.png
1136,with_mask,1136.png
1137,with_mask,1137.png
1138,without_mask,1138.png
1139,with_mask,1139.png
1140,with_mask,1140.png
1141,without_mask,1141.png
1142,with_mask,1142.png
1143,with_mask,1143.png
1144,with_mask,1144.png
1145,with_mask,1145.png
1146,with_mask,1146.png
1147,with_mask,1147.png
1148,without_mask,1148.png
1149,without_mask,1149.png
1150,without_mask,1150.png
1151,without_mask,1151.png
1152,without_mask,1152.png
1153,without_mask,1153.png
1154,mask_weared_incorrect,1154.png
1155,mask_weared_incorrect,1155.png
1156,mask_weared_incorrect,1156.png
1157,mask_weared_incorrect,1157.png
1158,with_mask,1158.png
1159,without_mask,1159.png
1160,with_mask,1160.png
1161,mask_weared_incorrect,1161.png
1162,with_mask,1162.png
1163,without_mask,1163.png
1164,with_mask,1164.png
1165,with_mask,1165.png
1166,with_mask,1166.png
1167,mask_weared_incorrect,1167.png
1168,with_mask,1168.png
1169,with_mask,1169.png
1170,with_mask,1170.png
1171,with_mask,1171.png
1172,with_mask,1172.png
1173,with_mask,1173.png
1174,with_mask,1174.png
1175,without_mask,1175.png
1176,with_mask,1176.png
1177,with_mask,1177.png
1178,with_mask,1178.png
1179,with_mask,1179.png
1180,with_mask,1180.png
1181,with_mask,1181.png
1182,with_mask,1182.png
1183,with_mask,1183.png
1184,with_mask,1184.png
1185,with_mask,1185.png
1186,with_mask,1186.png
1187,with_mask,1187.png
1188,with_mask,1188.png
1189,with_mask,1189.png
1190,with_mask,1190.png
1191,with_mask,1191.png
1192,with_mask,1192.png
1193,with_mask,1193.png
1194,with_mask,1194.png
1195,with_mask,1195.png
1196,without_mask,1196.png
1197,with_mask,1197.png
1198,with_mask,1198.png
1199,with_mask,1199.png
1200,with_mask,1200.png
1201,without_mask,1201.png
1202,with_mask,1202.png
1203,with_mask,1203.png
1204,without_mask,1204.png
1205,without_mask,1205.png
1206,without_mask,1206.png
1207,without_mask,1207.png
1208,without_mask,1208.png
1209,with_mask,1209.png
1210,without_mask,1210.png
1211,without_mask,1211.png
1212,with_mask,1212.png
1213,with_mask,1213.png
1214,without_mask,1214.png
1215,with_mask,1215.png
1216,without_mask,1216.png
1217,with_mask,1217.png
1218,with_mask,1218.png
1219,without_mask,1219.png
1220,with_mask,1220.png
1221,with_mask,1221.png
1222,without_mask,1222.png
1223,with_mask,1223.png
1224,with_mask,1224.png
1225,with_mask,1225.png
1226,without_mask,1226.png
1227,with_mask,1227.png
1228,with_mask,1228.png
1229,with_mask,1229.png
1230,with_mask,1230.png
1231,with_mask,1231.png
1232,with_mask,1232.png
1233,with_mask,1233.png
1234,with_mask,1234.png
1235,with_mask,1235.png
1236,with_mask,1236.png
1237,with_mask,1237.png
1238,without_mask,1238.png
1239,with_mask,1239.png
1240,with_mask,1240.png
1241,with_mask,1241.png
1242,with_mask,1242.png
1243,with_mask,1243.png
1244,without_mask,1244.png
1245,without_mask,1245.png
1246,without_mask,1246.png
1247,with_mask,1247.png
1248,without_mask,1248.png
1249,without_mask,1249.png
1250,without_mask,1250.png
1251,with_mask,1251.png
1252,with_mask,1252.png
1253,with_mask,1253.png
1254,with_mask,1254.png
1255,with_mask,1255.png
1256,with_mask,1256.png
1257,with_mask,1257.png
1258,with_mask,1258.png
1259,with_mask,1259.png
1260,with_mask,1260.png
1261,with_mask,1261.png
1262,with_mask,1262.png
1263,with_mask,1263.png
1264,with_mask,1264.png
1265,with_mask,1265.png
1266,with_mask,1266.png
1267,mask_weared_incorrect,1267.png
1268,with_mask,1268.png
1269,with_mask,1269.png
1270,with_mask,1270.png
1271,with_mask,1271.png
1272,with_mask,1272.png
1273,mask_weared_incorrect,1273.png
1274,with_mask,1274.png
1275,with_mask,1275.png
1276,with_mask,1276.png
1277,with_mask,1277.png
1278,with_mask,1278.png
1279,with_mask,1279.png
1280,with_mask,1280.png
1281,with_mask,1281.png
1282,with_mask,1282.png
1283,with_mask,1283.png
1284,with_mask,1284.png
1285,with_mask,1285.png
1286,without_mask,1286.png
1287,with_mask,1287.png
1288,without_mask,1288.png
1289,with_mask,1289.png
1290,without_mask,1290.png
1291,with_mask,1291.png
1292,with_mask,1292.png
1293,with_mask,1293.png
1294,without_mask,1294.png
1295,with_mask,1295.png
1296,with_mask,1296.png
1297,with_mask,1297.png
1298,with_mask,1298.png
1299,with_mask,1299.png
1300,with_mask,1300.png
1301,with_mask,1301.png
1302,with_mask,1302.png
1303,with_mask,1303.png
1304,with_mask,1304.png
1305,with_mask,1305.png
1306,without_mask,1306.png
1307,with_mask,1307.png
1308,with_mask,1308.png
1309,with_mask,1309.png
1310,without_mask,1310.png
1311,with_mask,1311.png
1312,without_mask,1312.png
1313,with_mask,1313.png
1314,with_mask,1314.png
1315,with_mask,1315.png
1316,without_mask,1316.png
1317,with_mask,1317.png
1318,with_mask,1318.png
1319,with_mask,1319.png
1320,with_mask,1320.png
1321,with_mask,1321.png
1322,with_mask,1322.png
1323,with_mask,1323.png
1324,with_mask,1324.png
1325,with_mask,1325.png
1326,with_mask,1326.png
1327,with_mask,1327.png
1328,with_mask,1328.png
1329,without_mask,1329.png
1330,with_mask,1330.png
1331,with_mask,1331.png
1332,with_mask,1332.png
1333,with_mask,1333.png
1334,with_mask,1334.png
1335,without_mask,1335.png
1336,with_mask,1336.png
1337,with_mask,1337.png
1338,with_mask,1338.png
1339,with_mask,1339.png
1340,without_mask,1340.png
1341,with_mask,1341.png
1342,without_mask,1342.png
1343,without_mask,1343.png
1344,with_mask,1344.png
1345,with_mask,1345.png
1346,without_mask,1346.png
1347,with_mask,1347.png
1348,with_mask,1348.png
1349,with_mask,1349.png
1350,with_mask,1350.png
1351,with_mask,1351.png
1352,with_mask,1352.png
1353,without_mask,1353.png
1354,with_mask,1354.png
1355,with_mask,1355.png
1356,with_mask,1356.png
1357,with_mask,1357.png
1358,with_mask,1358.png
1359,with_mask,1359.png
1360,with_mask,1360.png
1361,with_mask,1361.png
1362,with_mask,1362.png
1363,with_mask,1363.png
1364,with_mask,1364.png
1365,with_mask,1365.png
1366,with_mask,1366.png
1367,with_mask,1367.png
1368,with_mask,1368.png
1369,with_mask,1369.png
1370,with_mask,1370.png
1371,with_mask,1371.png
1372,with_mask,1372.png
1373,with_mask,1373.png
1374,with_mask,1374.png
1375,with_mask,1375.png
1376,with_mask,1376.png
1377,with_mask,1377.png
1378,with_mask,1378.png
1379,with_mask,1379.png
1380,with_mask,1380.png
1381,with_mask,1381.png
1382,with_mask,1382.png
1383,with_mask,1383.png
1384,with_mask,1384.png
1385,with_mask,1385.png
1386,with_mask,1386.png
1387,with_mask,1387.png
1388,with_mask,1388.png
1389,with_mask,1389.png
1390,with_mask,1390.png
1391,with_mask,1391.png
1392,with_mask,1392.png
1393,with_mask,1393.png
1394,with_mask,1394.png
1395,with_mask,1395.png
1396,with_mask,1396.png
1397,with_mask,1397.png
1398,with_mask,1398.png
1399,with_mask,1399.png
1400,with_mask,1400.png
1401,without_mask,1401.png
1402,with_mask,1402.png
1403,with_mask,1403.png
1404,with_mask,1404.png
1405,with_mask,1405.png
1406,with_mask,1406.png
1407,with_mask,1407.png
1408,with_mask,1408.png
1409,with_mask,1409.png
1410,with_mask,1410.png
1411,with_mask,1411.png
1412,with_mask,1412.png
1413,with_mask,1413.png
1414,with_mask,1414.png
1415,without_mask,1415.png
1416,with_mask,1416.png
1417,without_mask,1417.png
1418,with_mask,1418.png
1419,with_mask,1419.png
1420,with_mask,1420.png
1421,with_mask,1421.png
1422,with_mask,1422.png
1423,with_mask,1423.png
1424,with_mask,1424.png
1425,with_mask,1425.png
1426,with_mask,1426.png
1427,with_mask,1427.png
1428,with_mask,1428.png
1429,with_mask,1429.png
1430,with_mask,1430.png
1431,with_mask,1431.png
1432,without_mask,1432.png
1433,with_mask,1433.png
1434,with_mask,1434.png
1435,with_mask,1435.png
1436,with_mask,1436.png
1437,with_mask,1437.png
1438,with_mask,1438.png
1439,with_mask,1439.png
1440,with_mask,1440.png
1441,with_mask,1441.png
1442,with_mask,1442.png
1443,with_mask,1443.png
1444,with_mask,1444.png
1445,with_mask,1445.png
1446,with_mask,1446.png
1447,without_mask,1447.png
1448,mask_weared_incorrect,1448.png
1449,with_mask,1449.png
1450,with_mask,1450.png
1451,with_mask,1451.png
1452,with_mask,1452.png
1453,with_mask,1453.png
1454,with_mask,1454.png
1455,with_mask,1455.png
1456,with_mask,1456.png
1457,with_mask,1457.png
1458,without_mask,1458.png
1459,without_mask,1459.png
1460,with_mask,1460.png
1461,with_mask,1461.png
1462,with_mask,1462.png
1463,with_mask,1463.png
1464,with_mask,1464.png
1465,with_mask,1465.png
1466,with_mask,1466.png
1467,without_mask,1467.png
1468,with_mask,1468.png
1469,without_mask,1469.png
1470,without_mask,1470.png
1471,with_mask,1471.png
1472,with_mask,1472.png
1473,with_mask,1473.png
1474,with_mask,1474.png
1475,with_mask,1475.png
1476,with_mask,1476.png
1477,with_mask,1477.png
1478,with_mask,1478.png
1479,with_mask,1479.png
1480,with_mask,1480.png
1481,without_mask,1481.png
1482,with_mask,1482.png
1483,without_mask,1483.png
1484,with_mask,1484.png
1485,with_mask,1485.png
1486,with_mask,1486.png
1487,with_mask,1487.png
1488,with_mask,1488.png
1489,without_mask,1489.png
1490,without_mask,1490.png
1491,with_mask,1491.png
1492,with_mask,1492.png
1493,with_mask,1493.png
1494,with_mask,1494.png
1495,with_mask,1495.png
1496,with_mask,1496.png
1497,with_mask,1497.png
1498,with_mask,1498.png
1499,without_mask,1499.png
1500,with_mask,1500.png
1501,with_mask,1501.png
1502,without_mask,1502.png
1503,without_mask,1503.png
1504,without_mask,1504.png
1505,without_mask,1505.png
1506,mask_weared_incorrect,1506.png
1507,with_mask,1507.png
1508,with_mask,1508.png
1509,with_mask,1509.png
1510,with_mask,1510.png
1511,with_mask,1511.png
1512,without_mask,1512.png
1513,without_mask,1513.png
1514,with_mask,1514.png
1515,with_mask,1515.png
1516,mask_weared_incorrect,1516.png
1517,with_mask,1517.png
1518,without_mask,1518.png
1519,with_mask,1519.png
1520,with_mask,1520.png
1521,with_mask,1521.png
1522,with_mask,1522.png
1523,without_mask,1523.png
1524,with_mask,1524.png
1525,without_mask,1525.png
1526,without_mask,1526.png
1527,without_mask,1527.png
1528,with_mask,1528.png
1529,with_mask,1529.png
1530,with_mask,1530.png
1531,mask_weared_incorrect,1531.png
1532,without_mask,1532.png
1533,without_mask,1533.png
1534,without_mask,1534.png
1535,with_mask,1535.png
1536,with_mask,1536.png
1537,with_mask,1537.png
1538,with_mask,1538.png
1539,with_mask,1539.png
1540,with_mask,1540.png
1541,with_mask,1541.png
1542,with_mask,1542.png
1543,with_mask,1543.png
1544,with_mask,1544.png
1545,with_mask,1545.png
1546,without_mask,1546.png
1547,without_mask,1547.png
1548,with_mask,1548.png
1549,with_mask,1549.png
1550,with_mask,1550.png
1551,with_mask,1551.png
1552,with_mask,1552.png
1553,with_mask,1553.png
1554,with_mask,1554.png
1555,with_mask,1555.png
1556,with_mask,1556.png
1557,with_mask,1557.png
1558,with_mask,1558.png
1559,with_mask,1559.png
1560,with_mask,1560.png
1561,with_mask,1561.png
1562,with_mask,1562.png
1563,with_mask,1563.png
1564,with_mask,1564.png
1565,with_mask,1565.png
1566,with_mask,1566.png
1567,with_mask,1567.png
1568,with_mask,1568.png
1569,without_mask,1569.png
1570,with_mask,1570.png
1571,with_mask,1571.png
1572,with_mask,1572.png
1573,with_mask,1573.png
1574,with_mask,1574.png
1575,with_mask,1575.png
1576,with_mask,1576.png
1577,with_mask,1577.png
1578,with_mask,1578.png
1579,with_mask,1579.png
1580,with_mask,1580.png
1581,without_mask,1581.png
1582,with_mask,1582.png
1583,with_mask,1583.png
1584,with_mask,1584.png
1585,with_mask,1585.png
1586,without_mask,1586.png
1587,with_mask,1587.png
1588,with_mask,1588.png
1589,with_mask,1589.png
1590,without_mask,1590.png
1591,without_mask,1591.png
1592,with_mask,1592.png
1593,with_mask,1593.png
1594,without_mask,1594.png
1595,with_mask,1595.png
1596,without_mask,1596.png
1597,with_mask,1597.png
1598,mask_weared_incorrect,1598.png
1599,with_mask,1599.png
1600,with_mask,1600.png
1601,with_mask,1601.png
1602,without_mask,1602.png
1603,with_mask,1603.png
1604,with_mask,1604.png
1605,with_mask,1605.png
1606,with_mask,1606.png
1607,with_mask,1607.png
1608,with_mask,1608.png
1609,without_mask,1609.png
1610,with_mask,1610.png
1611,with_mask,1611.png
1612,with_mask,1612.png
1613,with_mask,1613.png
1614,with_mask,1614.png
1615,with_mask,1615.png
1616,with_mask,1616.png
1617,with_mask,1617.png
1618,with_mask,1618.png
1619,with_mask,1619.png
1620,with_mask,1620.png
1621,with_mask,1621.png
1622,with_mask,1622.png
1623,with_mask,1623.png
1624,with_mask,1624.png
1625,mask_weared_incorrect,1625.png
1626,with_mask,1626.png
1627,with_mask,1627.png
1628,with_mask,1628.png
1629,with_mask,1629.png
1630,with_mask,1630.png
1631,with_mask,1631.png
1632,with_mask,1632.png
1633,with_mask,1633.png
1634,with_mask,1634.png
1635,with_mask,1635.png
1636,with_mask,1636.png
1637,with_mask,1637.png
1638,with_mask,1638.png
1639,with_mask,1639.png
1640,with_mask,1640.png
1641,with_mask,1641.png
1642,without_mask,1642.png
1643,with_mask,1643.png
1644,with_mask,1644.png
1645,with_mask,1645.png
1646,with_mask,1646.png
1647,with_mask,1647.png
1648,with_mask,1648.png
1649,with_mask,1649.png
1650,with_mask,1650.png
1651,with_mask,1651.png
1652,with_mask,1652.png
1653,with_mask,1653.png
1654,with_mask,1654.png
1655,with_mask,1655.png
1656,with_mask,1656.png
1657,with_mask,1657.png
1658,with_mask,1658.png
1659,with_mask,1659.png
1660,with_mask,1660.png
1661,with_mask,1661.png
1662,with_mask,1662.png
1663,with_mask,1663.png
1664,with_mask,1664.png
1665,with_mask,1665.png
1666,with_mask,1666.png
1667,without_mask,1667.png
1668,without_mask,1668.png
1669,without_mask,1669.png
1670,without_mask,1670.png
1671,without_mask,1671.png
1672,without_mask,1672.png
1673,without_mask,1673.png
1674,with_mask,1674.png
1675,with_mask,1675.png
1676,with_mask,1676.png
1677,with_mask,1677.png
1678,with_mask,1678.png
1679,with_mask,1679.png
1680,without_mask,1680.png
1681,with_mask,1681.png
1682,with_mask,1682.png
1683,with_mask,1683.png
1684,with_mask,1684.png
1685,with_mask,1685.png
1686,with_mask,1686.png
1687,with_mask,1687.png
1688,with_mask,1688.png
1689,with_mask,1689.png
1690,with_mask,1690.png
1691,mask_weared_incorrect,1691.png
1692,with_mask,1692.png
1693,with_mask,1693.png
1694,with_mask,1694.png
1695,with_mask,1695.png
1696,with_mask,1696.png
1697,with_mask,1697.png
1698,with_mask,1698.png
1699,with_mask,1699.png
1700,with_mask,1700.png
1701,without_mask,1701.png
1702,with_mask,1702.png
1703,with_mask,1703.png
1704,with_mask,1704.png
1705,without_mask,1705.png
1706,with_mask,1706.png
1707,mask_weared_incorrect,1707.png
1708,without_mask,1708.png
1709,with_mask,1709.png
1710,with_mask,1710.png
1711,with_mask,1711.png
1712,with_mask,1712.png
1713,with_mask,1713.png
1714,with_mask,1714.png
1715,with_mask,1715.png
1716,without_mask,1716.png
1717,with_mask,1717.png
1718,with_mask,1718.png
1719,with_mask,1719.png
1720,with_mask,1720.png
1721,with_mask,1721.png
1722,with_mask,1722.png
1723,with_mask,1723.png
1724,with_mask,1724.png
1725,with_mask,1725.png
1726,with_mask,1726.png
1727,with_mask,1727.png
1728,with_mask,1728.png
1729,with_mask,1729.png
1730,with_mask,1730.png
1731,with_mask,1731.png
1732,with_mask,1732.png
1733,with_mask,1733.png
1734,with_mask,1734.png
1735,with_mask,1735.png
1736,with_mask,1736.png
1737,with_mask,1737.png
1738,with_mask,1738.png
1739,with_mask,1739.png
1740,with_mask,1740.png
1741,mask_weared_incorrect,1741.png
1742,with_mask,1742.png
1743,with_mask,1743.png
1744,with_mask,1744.png
1745,with_mask,1745.png
1746,with_mask,1746.png
1747,with_mask,1747.png
1748,with_mask,1748.png
1749,with_mask,1749.png
1750,with_mask,1750.png
1751,with_mask,1751.png
1752,with_mask,1752.png
1753,with_mask,1753.png
1754,with_mask,1754.png
1755,with_mask,1755.png
1756,with_mask,1756.png
1757,with_mask,1757.png
1758,mask_weared_incorrect,1758.png
1759,with_mask,1759.png
1760,with_mask,1760.png
1761,with_mask,1761.png
1762,with_mask,1762.png
1763,with_mask,1763.png
1764,with_mask,1764.png
1765,with_mask,1765.png
1766,with_mask,1766.png
1767,with_mask,1767.png
1768,with_mask,1768.png
1769,with_mask,1769.png
1770,with_mask,1770.png
1771,with_mask,1771.png
1772,with_mask,1772.png
1773,with_mask,1773.png
1774,with_mask,1774.png
1775,with_mask,1775.png
1776,with_mask,1776.png
1777,with_mask,1777.png
1778,with_mask,1778.png
1779,with_mask,1779.png
1780,with_mask,1780.png
1781,with_mask,1781.png
1782,with_mask,1782.png
1783,with_mask,1783.png
1784,with_mask,1784.png
1785,with_mask,1785.png
1786,with_mask,1786.png
1787,with_mask,1787.png
1788,with_mask,1788.png
1789,with_mask,1789.png
1790,with_mask,1790.png
1791,with_mask,1791.png
1792,with_mask,1792.png
1793,with_mask,1793.png
1794,with_mask,1794.png
1795,with_mask,1795.png
1796,with_mask,1796.png
1797,without_mask,1797.png
1798,with_mask,1798.png
1799,mask_weared_incorrect,1799.png
1800,with_mask,1800.png
1801,with_mask,1801.png
1802,with_mask,1802.png
1803,with_mask,1803.png
1804,with_mask,1804.png
1805,mask_weared_incorrect,1805.png
1806,with_mask,1806.png
1807,with_mask,1807.png
1808,with_mask,1808.png
1809,without_mask,1809.png
1810,without_mask,1810.png
1811,without_mask,1811.png
1812,with_mask,1812.png
1813,with_mask,1813.png
1814,with_mask,1814.png
1815,with_mask,1815.png
1816,with_mask,1816.png
1817,mask_weared_incorrect,1817.png
1818,with_mask,1818.png
1819,with_mask,1819.png
1820,with_mask,1820.png
1821,with_mask,1821.png
1822,with_mask,1822.png
1823,with_mask,1823.png
1824,mask_weared_incorrect,1824.png
1825,with_mask,1825.png
1826,with_mask,1826.png
1827,with_mask,1827.png
1828,with_mask,1828.png
1829,with_mask,1829.png
1830,with_mask,1830.png
1831,with_mask,1831.png
1832,with_mask,1832.png
1833,with_mask,1833.png
1834,with_mask,1834.png
1835,with_mask,1835.png
1836,with_mask,1836.png
1837,without_mask,1837.png
1838,with_mask,1838.png
1839,without_mask,1839.png
1840,with_mask,1840.png
1841,with_mask,1841.png
1842,with_mask,1842.png
1843,with_mask,1843.png
1844,with_mask,1844.png
1845,with_mask,1845.png
1846,with_mask,1846.png
1847,without_mask,1847.png
1848,with_mask,1848.png
1849,with_mask,1849.png
1850,without_mask,1850.png
1851,without_mask,1851.png
1852,with_mask,1852.png
1853,with_mask,1853.png
1854,with_mask,1854.png
1855,with_mask,1855.png
1856,with_mask,1856.png
1857,with_mask,1857.png
1858,with_mask,1858.png
1859,with_mask,1859.png
1860,without_mask,1860.png
1861,without_mask,1861.png
1862,without_mask,1862.png
1863,without_mask,1863.png
1864,without_mask,1864.png
1865,with_mask,1865.png
1866,mask_weared_incorrect,1866.png
1867,without_mask,1867.png
1868,without_mask,1868.png
1869,without_mask,1869.png
1870,without_mask,1870.png
1871,without_mask,1871.png
1872,without_mask,1872.png
1873,with_mask,1873.png
1874,with_mask,1874.png
1875,without_mask,1875.png
1876,without_mask,1876.png
1877,with_mask,1877.png
1878,without_mask,1878.png
1879,without_mask,1879.png
1880,with_mask,1880.png
1881,with_mask,1881.png
1882,without_mask,1882.png
1883,with_mask,1883.png
1884,without_mask,1884.png
1885,with_mask,1885.png
1886,with_mask,1886.png
1887,with_mask,1887.png
1888,with_mask,1888.png
1889,without_mask,1889.png
1890,with_mask,1890.png
1891,with_mask,1891.png
1892,without_mask,1892.png
1893,with_mask,1893.png
1894,with_mask,1894.png
1895,with_mask,1895.png
1896,mask_weared_incorrect,1896.png
1897,with_mask,1897.png
1898,with_mask,1898.png
1899,with_mask,1899.png
1900,with_mask,1900.png
1901,with_mask,1901.png
1902,with_mask,1902.png
1903,with_mask,1903.png
1904,with_mask,1904.png
1905,with_mask,1905.png
1906,with_mask,1906.png
1907,without_mask,1907.png
1908,with_mask,1908.png
1909,with_mask,1909.png
1910,with_mask,1910.png
1911,with_mask,1911.png
1912,with_mask,1912.png
1913,without_mask,1913.png
1914,with_mask,1914.png
1915,with_mask,1915.png
1916,without_mask,1916.png
1917,with_mask,1917.png
1918,with_mask,1918.png
1919,with_mask,1919.png
1920,with_mask,1920.png
1921,with_mask,1921.png
1922,with_mask,1922.png
1923,with_mask,1923.png
1924,with_mask,1924.png
1925,with_mask,1925.png
1926,with_mask,1926.png
1927,with_mask,1927.png
1928,with_mask,1928.png
1929,with_mask,1929.png
1930,with_mask,1930.png
1931,with_mask,1931.png
1932,with_mask,1932.png
1933,with_mask,1933.png
1934,with_mask,1934.png
1935,with_mask,1935.png
1936,with_mask,1936.png
1937,with_mask,1937.png
1938,with_mask,1938.png
1939,with_mask,1939.png
1940,with_mask,1940.png
1941,with_mask,1941.png
1942,with_mask,1942.png
1943,mask_weared_incorrect,1943.png
1944,without_mask,1944.png
1945,with_mask,1945.png
1946,with_mask,1946.png
1947,with_mask,1947.png
1948,with_mask,1948.png
1949,with_mask,1949.png
1950,with_mask,1950.png
1951,with_mask,1951.png
1952,with_mask,1952.png
1953,with_mask,1953.png
1954,with_mask,1954.png
1955,without_mask,1955.png
1956,without_mask,1956.png
1957,with_mask,1957.png
1958,with_mask,1958.png
1959,with_mask,1959.png
1960,without_mask,1960.png
1961,with_mask,1961.png
1962,with_mask,1962.png
1963,with_mask,1963.png
1964,with_mask,1964.png
1965,with_mask,1965.png
1966,with_mask,1966.png
1967,with_mask,1967.png
1968,with_mask,1968.png
1969,with_mask,1969.png
1970,with_mask,1970.png
1971,with_mask,1971.png
1972,without_mask,1972.png
1973,with_mask,1973.png
1974,with_mask,1974.png
1975,with_mask,1975.png
1976,with_mask,1976.png
1977,with_mask,1977.png
1978,with_mask,1978.png
1979,without_mask,1979.png
1980,without_mask,1980.png
1981,without_mask,1981.png
1982,without_mask,1982.png
1983,without_mask,1983.png
1984,with_mask,1984.png
1985,without_mask,1985.png
1986,with_mask,1986.png
1987,with_mask,1987.png
1988,with_mask,1988.png
1989,with_mask,1989.png
1990,with_mask,1990.png
1991,without_mask,1991.png
1992,without_mask,1992.png
1993,with_mask,1993.png
1994,with_mask,1994.png
1995,with_mask,1995.png
1996,with_mask,1996.png
1997,without_mask,1997.png
1998,with_mask,1998.png
1999,with_mask,1999.png
2000,with_mask,2000.png
2001,with_mask,2001.png
2002,with_mask,2002.png
2003,with_mask,2003.png
2004,without_mask,2004.png
2005,with_mask,2005.png
2006,with_mask,2006.png
2007,with_mask,2007.png
2008,without_mask,2008.png
2009,mask_weared_incorrect,2009.png
2010,with_mask,2010.png
2011,with_mask,2011.png
2012,without_mask,2012.png
2013,without_mask,2013.png
2014,with_mask,2014.png
2015,with_mask,2015.png
2016,with_mask,2016.png
2017,without_mask,2017.png
2018,with_mask,2018.png
2019,without_mask,2019.png
2020,with_mask,2020.png
2021,with_mask,2021.png
2022,with_mask,2022.png
2023,with_mask,2023.png
2024,with_mask,2024.png
2025,with_mask,2025.png
2026,with_mask,2026.png
2027,without_mask,2027.png
2028,without_mask,2028.png
2029,with_mask,2029.png
2030,without_mask,2030.png
2031,without_mask,2031.png
2032,without_mask,2032.png
2033,without_mask,2033.png
2034,with_mask,2034.png
2035,with_mask,2035.png
2036,with_mask,2036.png
2037,with_mask,2037.png
2038,with_mask,2038.png
2039,with_mask,2039.png
2040,without_mask,2040.png
2041,without_mask,2041.png
2042,with_mask,2042.png
2043,with_mask,2043.png
2044,with_mask,2044.png
2045,with_mask,2045.png
2046,with_mask,2046.png
2047,without_mask,2047.png
2048,mask_weared_incorrect,2048.png
2049,with_mask,2049.png
2050,without_mask,2050.png
2051,with_mask,2051.png
2052,without_mask,2052.png
2053,with_mask,2053.png
2054,with_mask,2054.png
2055,without_mask,2055.png
2056,mask_weared_incorrect,2056.png
2057,with_mask,2057.png
2058,with_mask,2058.png
2059,with_mask,2059.png
2060,without_mask,2060.png
2061,without_mask,2061.png
2062,mask_weared_incorrect,2062.png
2063,with_mask,2063.png
2064,with_mask,2064.png
2065,with_mask,2065.png
2066,without_mask,2066.png
2067,with_mask,2067.png
2068,without_mask,2068.png
2069,without_mask,2069.png
2070,with_mask,2070.png
2071,with_mask,2071.png
2072,without_mask,2072.png
2073,without_mask,2073.png
2074,with_mask,2074.png
2075,with_mask,2075.png
2076,with_mask,2076.png
2077,with_mask,2077.png
2078,with_mask,2078.png
2079,with_mask,2079.png
2080,with_mask,2080.png
2081,with_mask,2081.png
2082,with_mask,2082.png
2083,with_mask,2083.png
2084,without_mask,2084.png
2085,with_mask,2085.png
2086,without_mask,2086.png
2087,with_mask,2087.png
2088,with_mask,2088.png
2089,with_mask,2089.png
2090,with_mask,2090.png
2091,with_mask,2091.png
2092,with_mask,2092.png
2093,with_mask,2093.png
2094,with_mask,2094.png
2095,with_mask,2095.png
2096,with_mask,2096.png
2097,with_mask,2097.png
2098,with_mask,2098.png
2099,without_mask,2099.png
2100,with_mask,2100.png
2101,with_mask,2101.png
2102,with_mask,2102.png
2103,with_mask,2103.png
2104,with_mask,2104.png
2105,with_mask,2105.png
2106,with_mask,2106.png
2107,with_mask,2107.png
2108,with_mask,2108.png
2109,with_mask,2109.png
2110,with_mask,2110.png
2111,with_mask,2111.png
2112,with_mask,2112.png
2113,with_mask,2113.png
2114,with_mask,2114.png
2115,with_mask,2115.png
2116,with_mask,2116.png
2117,with_mask,2117.png
2118,with_mask,2118.png
2119,without_mask,2119.png
2120,mask_weared_incorrect,2120.png
2121,with_mask,2121.png
2122,with_mask,2122.png
2123,with_mask,2123.png
2124,mask_weared_incorrect,2124.png
2125,with_mask,2125.png
2126,with_mask,2126.png
2127,with_mask,2127.png
2128,with_mask,2128.png
2129,with_mask,2129.png
2130,with_mask,2130.png
2131,with_mask,2131.png
2132,with_mask,2132.png
2133,with_mask,2133.png
2134,with_mask,2134.png
2135,with_mask,2135.png
2136,with_mask,2136.png
2137,with_mask,2137.png
2138,with_mask,2138.png
2139,with_mask,2139.png
2140,with_mask,2140.png
2141,without_mask,2141.png
2142,without_mask,2142.png
2143,with_mask,2143.png
2144,with_mask,2144.png
2145,without_mask,2145.png
2146,with_mask,2146.png
2147,with_mask,2147.png
2148,with_mask,2148.png
2149,with_mask,2149.png
2150,without_mask,2150.png
2151,with_mask,2151.png
2152,with_mask,2152.png
2153,with_mask,2153.png
2154,with_mask,2154.png
2155,with_mask,2155.png
2156,with_mask,2156.png
2157,with_mask,2157.png
2158,with_mask,2158.png
2159,with_mask,2159.png
2160,with_mask,2160.png
2161,with_mask,2161.png
2162,without_mask,2162.png
2163,without_mask,2163.png
2164,without_mask,2164.png
2165,with_mask,2165.png
2166,with_mask,2166.png
2167,with_mask,2167.png
2168,with_mask,2168.png
2169,with_mask,2169.png
2170,with_mask,2170.png
2171,with_mask,2171.png
2172,with_mask,2172.png
2173,with_mask,2173.png
2174,with_mask,2174.png
2175,with_mask,2175.png
2176,with_mask,2176.png
2177,with_mask,2177.png
2178,with_mask,2178.png
2179,with_mask,2179.png
2180,with_mask,2180.png
2181,with_mask,2181.png
2182,with_mask,2182.png
2183,with_mask,2183.png
2184,with_mask,2184.png
2185,without_mask,2185.png
2186,with_mask,2186.png
2187,with_mask,2187.png
2188,with_mask,2188.png
2189,with_mask,2189.png
2190,without_mask,2190.png
2191,with_mask,2191.png
2192,with_mask,2192.png
2193,with_mask,2193.png
2194,with_mask,2194.png
2195,with_mask,2195.png
2196,with_mask,2196.png
2197,with_mask,2197.png
2198,with_mask,2198.png
2199,with_mask,2199.png
2200,with_mask,2200.png
2201,with_mask,2201.png
2202,without_mask,2202.png
2203,without_mask,2203.png
2204,with_mask,2204.png
2205,with_mask,2205.png
2206,without_mask,2206.png
2207,with_mask,2207.png
2208,with_mask,2208.png
2209,with_mask,2209.png
2210,with_mask,2210.png
2211,with_mask,2211.png
2212,with_mask,2212.png
2213,with_mask,2213.png
2214,with_mask,2214.png
2215,with_mask,2215.png
2216,with_mask,2216.png
2217,with_mask,2217.png
2218,with_mask,2218.png
2219,with_mask,2219.png
2220,with_mask,2220.png
2221,with_mask,2221.png
2222,with_mask,2222.png
2223,without_mask,2223.png
2224,without_mask,2224.png
2225,with_mask,2225.png
2226,with_mask,2226.png
2227,with_mask,2227.png
2228,without_mask,2228.png
2229,with_mask,2229.png
2230,with_mask,2230.png
2231,with_mask,2231.png
2232,with_mask,2232.png
2233,without_mask,2233.png
2234,mask_weared_incorrect,2234.png
2235,without_mask,2235.png
2236,without_mask,2236.png
2237,with_mask,2237.png
2238,with_mask,2238.png
2239,with_mask,2239.png
2240,mask_weared_incorrect,2240.png
2241,with_mask,2241.png
2242,with_mask,2242.png
2243,with_mask,2243.png
2244,with_mask,2244.png
2245,with_mask,2245.png
2246,with_mask,2246.png
2247,with_mask,2247.png
2248,with_mask,2248.png
2249,with_mask,2249.png
2250,with_mask,2250.png
2251,with_mask,2251.png
2252,without_mask,2252.png
2253,with_mask,2253.png
2254,with_mask,2254.png
2255,with_mask,2255.png
2256,with_mask,2256.png
2257,with_mask,2257.png
2258,mask_weared_incorrect,2258.png
2259,without_mask,2259.png
2260,with_mask,2260.png
2261,with_mask,2261.png
2262,without_mask,2262.png
2263,with_mask,2263.png
2264,with_mask,2264.png
2265,with_mask,2265.png
2266,with_mask,2266.png
2267,without_mask,2267.png
2268,with_mask,2268.png
2269,with_mask,2269.png
2270,with_mask,2270.png
2271,with_mask,2271.png
2272,mask_weared_incorrect,2272.png
2273,with_mask,2273.png
2274,with_mask,2274.png
2275,without_mask,2275.png
2276,without_mask,2276.png
2277,without_mask,2277.png
2278,without_mask,2278.png
2279,without_mask,2279.png
2280,with_mask,2280.png
2281,with_mask,2281.png
2282,with_mask,2282.png
2283,with_mask,2283.png
2284,with_mask,2284.png
2285,with_mask,2285.png
2286,with_mask,2286.png
2287,with_mask,2287.png
2288,with_mask,2288.png
2289,with_mask,2289.png
2290,with_mask,2290.png
2291,with_mask,2291.png
2292,with_mask,2292.png
2293,with_mask,2293.png
2294,with_mask,2294.png
2295,with_mask,2295.png
2296,with_mask,2296.png
2297,with_mask,2297.png
2298,with_mask,2298.png
2299,mask_weared_incorrect,2299.png
2300,without_mask,2300.png
2301,with_mask,2301.png
2302,with_mask,2302.png
2303,without_mask,2303.png
2304,without_mask,2304.png
2305,without_mask,2305.png
2306,without_mask,2306.png
2307,with_mask,2307.png
2308,without_mask,2308.png
2309,without_mask,2309.png
2310,without_mask,2310.png
2311,with_mask,2311.png
2312,with_mask,2312.png
2313,without_mask,2313.png
2314,with_mask,2314.png
2315,with_mask,2315.png
2316,with_mask,2316.png
2317,with_mask,2317.png
2318,with_mask,2318.png
2319,with_mask,2319.png
2320,with_mask,2320.png
2321,with_mask,2321.png
2322,without_mask,2322.png
2323,with_mask,2323.png
2324,with_mask,2324.png
2325,with_mask,2325.png
2326,with_mask,2326.png
2327,with_mask,2327.png
2328,with_mask,2328.png
2329,with_mask,2329.png
2330,with_mask,2330.png
2331,with_mask,2331.png
2332,with_mask,2332.png
2333,without_mask,2333.png
2334,with_mask,2334.png
2335,mask_weared_incorrect,2335.png
2336,with_mask,2336.png
2337,with_mask,2337.png
2338,with_mask,2338.png
2339,without_mask,2339.png
2340,without_mask,2340.png
2341,with_mask,2341.png
2342,with_mask,2342.png
2343,with_mask,2343.png
2344,without_mask,2344.png
2345,without_mask,2345.png
2346,with_mask,2346.png
2347,with_mask,2347.png
2348,with_mask,2348.png
2349,with_mask,2349.png
2350,with_mask,2350.png
2351,with_mask,2351.png
2352,with_mask,2352.png
2353,with_mask,2353.png
2354,with_mask,2354.png
2355,with_mask,2355.png
2356,with_mask,2356.png
2357,with_mask,2357.png
2358,with_mask,2358.png
2359,with_mask,2359.png
2360,with_mask,2360.png
2361,with_mask,2361.png
2362,with_mask,2362.png
2363,with_mask,2363.png
2364,with_mask,2364.png
2365,with_mask,2365.png
2366,with_mask,2366.png
2367,with_mask,2367.png
2368,with_mask,2368.png
2369,with_mask,2369.png
2370,with_mask,2370.png
2371,with_mask,2371.png
2372,with_mask,2372.png
2373,with_mask,2373.png
2374,with_mask,2374.png
2375,with_mask,2375.png
2376,with_mask,2376.png
2377,with_mask,2377.png
2378,with_mask,2378.png
2379,with_mask,2379.png
2380,with_mask,2380.png
2381,with_mask,2381.png
2382,with_mask,2382.png
2383,without_mask,2383.png
2384,with_mask,2384.png
2385,with_mask,2385.png
2386,with_mask,2386.png
2387,with_mask,2387.png
2388,with_mask,2388.png
2389,with_mask,2389.png
2390,with_mask,2390.png
2391,with_mask,2391.png
2392,without_mask,2392.png
2393,without_mask,2393.png
2394,with_mask,2394.png
2395,with_mask,2395.png
2396,without_mask,2396.png
2397,without_mask,2397.png
2398,without_mask,2398.png
2399,without_mask,2399.png
2400,without_mask,2400.png
2401,without_mask,2401.png
2402,without_mask,2402.png
2403,without_mask,2403.png
2404,without_mask,2404.png
2405,without_mask,2405.png
2406,without_mask,2406.png
2407,with_mask,2407.png
2408,mask_weared_incorrect,2408.png
2409,with_mask,2409.png
2410,with_mask,2410.png
2411,with_mask,2411.png
2412,mask_weared_incorrect,2412.png
2413,mask_weared_incorrect,2413.png
2414,without_mask,2414.png
2415,without_mask,2415.png
2416,without_mask,2416.png
2417,without_mask,2417.png
2418,without_mask,2418.png
2419,without_mask,2419.png
2420,with_mask,2420.png
2421,with_mask,2421.png
2422,with_mask,2422.png
2423,with_mask,2423.png
2424,with_mask,2424.png
2425,without_mask,2425.png
2426,with_mask,2426.png
2427,with_mask,2427.png
2428,with_mask,2428.png
2429,with_mask,2429.png
2430,with_mask,2430.png
2431,with_mask,2431.png
2432,with_mask,2432.png
2433,with_mask,2433.png
2434,with_mask,2434.png
2435,with_mask,2435.png
2436,with_mask,2436.png
2437,with_mask,2437.png
2438,with_mask,2438.png
2439,with_mask,2439.png
2440,with_mask,2440.png
2441,with_mask,2441.png
2442,with_mask,2442.png
2443,with_mask,2443.png
2444,with_mask,2444.png
2445,with_mask,2445.png
2446,with_mask,2446.png
2447,with_mask,2447.png
2448,with_mask,2448.png
2449,with_mask,2449.png
2450,with_mask,2450.png
2451,with_mask,2451.png
2452,with_mask,2452.png
2453,with_mask,2453.png
2454,with_mask,2454.png
2455,with_mask,2455.png
2456,with_mask,2456.png
2457,with_mask,2457.png
2458,without_mask,2458.png
2459,with_mask,2459.png
2460,without_mask,2460.png
2461,with_mask,2461.png
2462,with_mask,2462.png
2463,without_mask,2463.png
2464,with_mask,2464.png
2465,with_mask,2465.png
2466,with_mask,2466.png
2467,with_mask,2467.png
2468,with_mask,2468.png
2469,with_mask,2469.png
2470,with_mask,2470.png
2471,without_mask,2471.png
2472,without_mask,2472.png
2473,with_mask,2473.png
2474,with_mask,2474.png
2475,with_mask,2475.png
2476,with_mask,2476.png
2477,with_mask,2477.png
2478,with_mask,2478.png
2479,with_mask,2479.png
2480,with_mask,2480.png
2481,with_mask,2481.png
2482,with_mask,2482.png
2483,with_mask,2483.png
2484,with_mask,2484.png
2485,without_mask,2485.png
2486,without_mask,2486.png
2487,without_mask,2487.png
2488,with_mask,2488.png
2489,with_mask,2489.png
2490,without_mask,2490.png
2491,mask_weared_incorrect,2491.png
2492,with_mask,2492.png
2493,with_mask,2493.png
2494,without_mask,2494.png
2495,with_mask,2495.png
2496,mask_weared_incorrect,2496.png
2497,without_mask,2497.png
2498,with_mask,2498.png
2499,with_mask,2499.png
2500,with_mask,2500.png
2501,with_mask,2501.png
2502,with_mask,2502.png
2503,without_mask,2503.png
2504,with_mask,2504.png
2505,with_mask,2505.png
2506,with_mask,2506.png
2507,with_mask,2507.png
2508,with_mask,2508.png
2509,with_mask,2509.png
2510,with_mask,2510.png
2511,with_mask,2511.png
2512,with_mask,2512.png
2513,with_mask,2513.png
2514,with_mask,2514.png
2515,with_mask,2515.png
2516,without_mask,2516.png
2517,with_mask,2517.png
2518,mask_weared_incorrect,2518.png
2519,with_mask,2519.png
2520,with_mask,2520.png
2521,with_mask,2521.png
2522,with_mask,2522.png
2523,with_mask,2523.png
2524,with_mask,2524.png
2525,with_mask,2525.png
2526,with_mask,2526.png
2527,without_mask,2527.png
2528,without_mask,2528.png
2529,with_mask,2529.png
2530,with_mask,2530.png
2531,with_mask,2531.png
2532,with_mask,2532.png
2533,with_mask,2533.png
2534,without_mask,2534.png
2535,without_mask,2535.png
2536,without_mask,2536.png
2537,without_mask,2537.png
2538,without_mask,2538.png
2539,without_mask,2539.png
2540,without_mask,2540.png
2541,with_mask,2541.png
2542,with_mask,2542.png
2543,with_mask,2543.png
2544,with_mask,2544.png
2545,with_mask,2545.png
2546,with_mask,2546.png
2547,with_mask,2547.png
2548,with_mask,2548.png
2549,with_mask,2549.png
2550,with_mask,2550.png
2551,with_mask,2551.png
2552,with_mask,2552.png
2553,with_mask,2553.png
2554,with_mask,2554.png
2555,with_mask,2555.png
2556,with_mask,2556.png
2557,with_mask,2557.png
2558,with_mask,2558.png
2559,with_mask,2559.png
2560,without_mask,2560.png
2561,without_mask,2561.png
2562,without_mask,2562.png
2563,without_mask,2563.png
2564,with_mask,2564.png
2565,with_mask,2565.png
2566,with_mask,2566.png
2567,without_mask,2567.png
2568,with_mask,2568.png
2569,with_mask,2569.png
2570,with_mask,2570.png
2571,with_mask,2571.png
2572,with_mask,2572.png
2573,with_mask,2573.png
2574,with_mask,2574.png
2575,with_mask,2575.png
2576,with_mask,2576.png
2577,without_mask,2577.png
2578,with_mask,2578.png
2579,with_mask,2579.png
2580,with_mask,2580.png
2581,with_mask,2581.png
2582,without_mask,2582.png
2583,with_mask,2583.png
2584,with_mask,2584.png
2585,with_mask,2585.png
2586,with_mask,2586.png
2587,with_mask,2587.png
2588,with_mask,2588.png
2589,with_mask,2589.png
2590,with_mask,2590.png
2591,with_mask,2591.png
2592,with_mask,2592.png
2593,with_mask,2593.png
2594,with_mask,2594.png
2595,with_mask,2595.png
2596,with_mask,2596.png
2597,with_mask,2597.png
2598,with_mask,2598.png
2599,with_mask,2599.png
2600,with_mask,2600.png
2601,with_mask,2601.png
2602,with_mask,2602.png
2603,with_mask,2603.png
2604,with_mask,2604.png
2605,with_mask,2605.png
2606,with_mask,2606.png
2607,with_mask,2607.png
2608,with_mask,2608.png
2609,without_mask,2609.png
2610,without_mask,2610.png
2611,without_mask,2611.png
2612,without_mask,2612.png
2613,with_mask,2613.png
2614,with_mask,2614.png
2615,without_mask,2615.png
2616,with_mask,2616.png
2617,without_mask,2617.png
2618,with_mask,2618.png
2619,with_mask,2619.png
2620,with_mask,2620.png
2621,with_mask,2621.png
2622,with_mask,2622.png
2623,with_mask,2623.png
2624,with_mask,2624.png
2625,with_mask,2625.png
2626,with_mask,2626.png
2627,with_mask,2627.png
2628,with_mask,2628.png
2629,with_mask,2629.png
2630,with_mask,2630.png
2631,with_mask,2631.png
2632,with_mask,2632.png
2633,with_mask,2633.png
2634,with_mask,2634.png
2635,with_mask,2635.png
2636,with_mask,2636.png
2637,with_mask,2637.png
2638,with_mask,2638.png
2639,with_mask,2639.png
2640,with_mask,2640.png
2641,with_mask,2641.png
2642,with_mask,2642.png
2643,with_mask,2643.png
2644,with_mask,2644.png
2645,with_mask,2645.png
2646,with_mask,2646.png
2647,with_mask,2647.png
2648,with_mask,2648.png
2649,with_mask,2649.png
2650,with_mask,2650.png
2651,with_mask,2651.png
2652,with_mask,2652.png
2653,with_mask,2653.png
2654,with_mask,2654.png
2655,with_mask,2655.png
2656,with_mask,2656.png
2657,with_mask,2657.png
2658,with_mask,2658.png
2659,with_mask,2659.png
2660,with_mask,2660.png
2661,with_mask,2661.png
2662,with_mask,2662.png
2663,with_mask,2663.png
2664,without_mask,2664.png
2665,with_mask,2665.png
2666,with_mask,2666.png
2667,with_mask,2667.png
2668,with_mask,2668.png
2669,with_mask,2669.png
2670,without_mask,2670.png
2671,with_mask,2671.png
2672,without_mask,2672.png
2673,with_mask,2673.png
2674,with_mask,2674.png
2675,with_mask,2675.png
2676,with_mask,2676.png
2677,with_mask,2677.png
2678,with_mask,2678.png
2679,without_mask,2679.png
2680,with_mask,2680.png
2681,without_mask,2681.png
2682,with_mask,2682.png
2683,without_mask,2683.png
2684,mask_weared_incorrect,2684.png
2685,with_mask,2685.png
2686,with_mask,2686.png
2687,with_mask,2687.png
2688,with_mask,2688.png
2689,with_mask,2689.png
2690,with_mask,2690.png
2691,without_mask,2691.png
2692,with_mask,2692.png
2693,with_mask,2693.png
2694,with_mask,2694.png
2695,without_mask,2695.png
2696,without_mask,2696.png
2697,with_mask,2697.png
2698,with_mask,2698.png
2699,with_mask,2699.png
2700,with_mask,2700.png
2701,with_mask,2701.png
2702,with_mask,2702.png
2703,with_mask,2703.png
2704,with_mask,2704.png
2705,with_mask,2705.png
2706,with_mask,2706.png
2707,with_mask,2707.png
2708,with_mask,2708.png
2709,with_mask,2709.png
2710,with_mask,2710.png
2711,with_mask,2711.png
2712,with_mask,2712.png
2713,with_mask,2713.png
2714,with_mask,2714.png
2715,with_mask,2715.png
2716,with_mask,2716.png
2717,with_mask,2717.png
2718,with_mask,2718.png
2719,with_mask,2719.png
2720,with_mask,2720.png
2721,with_mask,2721.png
2722,with_mask,2722.png
2723,with_mask,2723.png
2724,with_mask,2724.png
2725,with_mask,2725.png
2726,with_mask,2726.png
2727,with_mask,2727.png
2728,without_mask,2728.png
2729,with_mask,2729.png
2730,without_mask,2730.png
2731,with_mask,2731.png
2732,without_mask,2732.png
2733,mask_weared_incorrect,2733.png
2734,with_mask,2734.png
2735,with_mask,2735.png
2736,with_mask,2736.png
2737,with_mask,2737.png
2738,with_mask,2738.png
2739,with_mask,2739.png
2740,with_mask,2740.png
2741,with_mask,2741.png
2742,with_mask,2742.png
2743,without_mask,2743.png
2744,with_mask,2744.png
2745,with_mask,2745.png
2746,with_mask,2746.png
2747,with_mask,2747.png
2748,with_mask,2748.png
2749,with_mask,2749.png
2750,with_mask,2750.png
2751,with_mask,2751.png
2752,with_mask,2752.png
2753,with_mask,2753.png
2754,with_mask,2754.png
2755,with_mask,2755.png
2756,with_mask,2756.png
2757,with_mask,2757.png
2758,with_mask,2758.png
2759,with_mask,2759.png
2760,with_mask,2760.png
2761,with_mask,2761.png
2762,with_mask,2762.png
2763,with_mask,2763.png
2764,with_mask,2764.png
2765,with_mask,2765.png
2766,with_mask,2766.png
2767,with_mask,2767.png
2768,with_mask,2768.png
2769,with_mask,2769.png
2770,with_mask,2770.png
2771,with_mask,2771.png
2772,with_mask,2772.png
2773,with_mask,2773.png
2774,with_mask,2774.png
2775,without_mask,2775.png
2776,without_mask,2776.png
2777,with_mask,2777.png
2778,with_mask,2778.png
2779,with_mask,2779.png
2780,with_mask,2780.png
2781,with_mask,2781.png
2782,with_mask,2782.png
2783,with_mask,2783.png
2784,with_mask,2784.png
2785,without_mask,2785.png
2786,with_mask,2786.png
2787,without_mask,2787.png
2788,with_mask,2788.png
2789,with_mask,2789.png
2790,with_mask,2790.png
2791,with_mask,2791.png
2792,without_mask,2792.png
2793,without_mask,2793.png
2794,with_mask,2794.png
2795,with_mask,2795.png
2796,with_mask,2796.png
2797,with_mask,2797.png
2798,with_mask,2798.png
2799,with_mask,2799.png
2800,with_mask,2800.png
2801,with_mask,2801.png
2802,with_mask,2802.png
2803,with_mask,2803.png
2804,with_mask,2804.png
2805,with_mask,2805.png
2806,mask_weared_incorrect,2806.png
2807,with_mask,2807.png
2808,with_mask,2808.png
2809,with_mask,2809.png
2810,with_mask,2810.png
2811,without_mask,2811.png
2812,with_mask,2812.png
2813,with_mask,2813.png
2814,with_mask,2814.png
2815,with_mask,2815.png
2816,with_mask,2816.png
2817,mask_weared_incorrect,2817.png
2818,with_mask,2818.png
2819,without_mask,2819.png
2820,with_mask,2820.png
2821,with_mask,2821.png
2822,with_mask,2822.png
2823,with_mask,2823.png
2824,with_mask,2824.png
2825,with_mask,2825.png
2826,with_mask,2826.png
2827,with_mask,2827.png
2828,with_mask,2828.png
2829,with_mask,2829.png
2830,with_mask,2830.png
2831,with_mask,2831.png
2832,without_mask,2832.png
2833,without_mask,2833.png
2834,without_mask,2834.png
2835,with_mask,2835.png
2836,without_mask,2836.png
2837,with_mask,2837.png
2838,with_mask,2838.png
2839,without_mask,2839.png
2840,with_mask,2840.png
2841,with_mask,2841.png
2842,with_mask,2842.png
2843,with_mask,2843.png
2844,with_mask,2844.png
2845,without_mask,2845.png
2846,without_mask,2846.png
2847,without_mask,2847.png
2848,with_mask,2848.png
2849,with_mask,2849.png
2850,with_mask,2850.png
2851,with_mask,2851.png
2852,with_mask,2852.png
2853,with_mask,2853.png
2854,with_mask,2854.png
2855,with_mask,2855.png
2856,with_mask,2856.png
2857,with_mask,2857.png
2858,with_mask,2858.png
2859,mask_weared_incorrect,2859.png
2860,without_mask,2860.png
2861,with_mask,2861.png
2862,with_mask,2862.png
2863,without_mask,2863.png
2864,with_mask,2864.png
2865,with_mask,2865.png
2866,with_mask,2866.png
2867,with_mask,2867.png
2868,with_mask,2868.png
2869,with_mask,2869.png
2870,with_mask,2870.png
2871,with_mask,2871.png
2872,with_mask,2872.png
2873,with_mask,2873.png
2874,with_mask,2874.png
2875,with_mask,2875.png
2876,with_mask,2876.png
2877,with_mask,2877.png
2878,with_mask,2878.png
2879,with_mask,2879.png
2880,without_mask,2880.png
2881,with_mask,2881.png
2882,with_mask,2882.png
2883,without_mask,2883.png
2884,without_mask,2884.png
2885,without_mask,2885.png
2886,with_mask,2886.png
2887,without_mask,2887.png
2888,with_mask,2888.png
2889,without_mask,2889.png
2890,mask_weared_incorrect,2890.png
2891,mask_weared_incorrect,2891.png
2892,mask_weared_incorrect,2892.png
2893,without_mask,2893.png
2894,with_mask,2894.png
2895,with_mask,2895.png
2896,with_mask,2896.png
2897,with_mask,2897.png
2898,with_mask,2898.png
2899,with_mask,2899.png
2900,with_mask,2900.png
2901,with_mask,2901.png
2902,with_mask,2902.png
2903,with_mask,2903.png
2904,with_mask,2904.png
2905,with_mask,2905.png
2906,with_mask,2906.png
2907,with_mask,2907.png
2908,with_mask,2908.png
2909,with_mask,2909.png
2910,with_mask,2910.png
2911,with_mask,2911.png
2912,with_mask,2912.png
2913,with_mask,2913.png
2914,with_mask,2914.png
2915,mask_weared_incorrect,2915.png
2916,with_mask,2916.png
2917,with_mask,2917.png
2918,without_mask,2918.png
2919,with_mask,2919.png
2920,with_mask,2920.png
2921,with_mask,2921.png
2922,without_mask,2922.png
2923,without_mask,2923.png
2924,with_mask,2924.png
2925,with_mask,2925.png
2926,with_mask,2926.png
2927,with_mask,2927.png
2928,with_mask,2928.png
2929,with_mask,2929.png
2930,with_mask,2930.png
2931,with_mask,2931.png
2932,with_mask,2932.png
2933,with_mask,2933.png
2934,with_mask,2934.png
2935,with_mask,2935.png
2936,with_mask,2936.png
2937,with_mask,2937.png
2938,with_mask,2938.png
2939,with_mask,2939.png
2940,with_mask,2940.png
2941,without_mask,2941.png
2942,with_mask,2942.png
2943,with_mask,2943.png
2944,with_mask,2944.png
2945,with_mask,2945.png
2946,with_mask,2946.png
2947,with_mask,2947.png
2948,with_mask,2948.png
2949,with_mask,2949.png
2950,with_mask,2950.png
2951,with_mask,2951.png
2952,with_mask,2952.png
2953,with_mask,2953.png
2954,with_mask,2954.png
2955,mask_weared_incorrect,2955.png
2956,without_mask,2956.png
2957,without_mask,2957.png
2958,without_mask,2958.png
2959,without_mask,2959.png
2960,with_mask,2960.png
2961,with_mask,2961.png
2962,with_mask,2962.png
2963,with_mask,2963.png
2964,with_mask,2964.png
2965,with_mask,2965.png
2966,mask_weared_incorrect,2966.png
2967,without_mask,2967.png
2968,with_mask,2968.png
2969,with_mask,2969.png
2970,with_mask,2970.png
2971,with_mask,2971.png
2972,with_mask,2972.png
2973,with_mask,2973.png
2974,without_mask,2974.png
2975,with_mask,2975.png
2976,with_mask,2976.png
2977,with_mask,2977.png
2978,with_mask,2978.png
2979,with_mask,2979.png
2980,with_mask,2980.png
2981,with_mask,2981.png
2982,with_mask,2982.png
2983,with_mask,2983.png
2984,without_mask,2984.png
2985,with_mask,2985.png
2986,with_mask,2986.png
2987,with_mask,2987.png
2988,with_mask,2988.png
2989,with_mask,2989.png
2990,with_mask,2990.png
2991,without_mask,2991.png
2992,with_mask,2992.png
2993,with_mask,2993.png
2994,with_mask,2994.png
2995,with_mask,2995.png
2996,with_mask,2996.png
2997,with_mask,2997.png
2998,with_mask,2998.png
2999,with_mask,2999.png
3000,with_mask,3000.png
3001,with_mask,3001.png
3002,with_mask,3002.png
3003,with_mask,3003.png
3004,with_mask,3004.png
3005,with_mask,3005.png
3006,with_mask,3006.png
3007,with_mask,3007.png
3008,without_mask,3008.png
3009,with_mask,3009.png
3010,with_mask,3010.png
3011,with_mask,3011.png
3012,with_mask,3012.png
3013,with_mask,3013.png
3014,without_mask,3014.png
3015,without_mask,3015.png
3016,without_mask,3016.png
3017,with_mask,3017.png
3018,mask_weared_incorrect,3018.png
3019,without_mask,3019.png
3020,mask_weared_incorrect,3020.png
3021,with_mask,3021.png
3022,with_mask,3022.png
3023,with_mask,3023.png
3024,without_mask,3024.png
3025,mask_weared_incorrect,3025.png
3026,mask_weared_incorrect,3026.png
3027,with_mask,3027.png
3028,without_mask,3028.png
3029,with_mask,3029.png
3030,with_mask,3030.png
3031,with_mask,3031.png
3032,with_mask,3032.png
3033,with_mask,3033.png
3034,with_mask,3034.png
3035,with_mask,3035.png
3036,with_mask,3036.png
3037,with_mask,3037.png
3038,without_mask,3038.png
3039,with_mask,3039.png
3040,with_mask,3040.png
3041,with_mask,3041.png
3042,with_mask,3042.png
3043,without_mask,3043.png
3044,with_mask,3044.png
3045,with_mask,3045.png
3046,with_mask,3046.png
3047,with_mask,3047.png
3048,with_mask,3048.png
3049,with_mask,3049.png
3050,with_mask,3050.png
3051,with_mask,3051.png
3052,with_mask,3052.png
3053,with_mask,3053.png
3054,with_mask,3054.png
3055,with_mask,3055.png
3056,with_mask,3056.png
3057,with_mask,3057.png
3058,with_mask,3058.png
3059,with_mask,3059.png
3060,mask_weared_incorrect,3060.png
3061,with_mask,3061.png
3062,with_mask,3062.png
3063,with_mask,3063.png
3064,with_mask,3064.png
3065,with_mask,3065.png
3066,with_mask,3066.png
3067,with_mask,3067.png
3068,with_mask,3068.png
3069,with_mask,3069.png
3070,with_mask,3070.png
3071,with_mask,3071.png
3072,with_mask,3072.png
3073,with_mask,3073.png
3074,with_mask,3074.png
3075,with_mask,3075.png
3076,with_mask,3076.png
3077,with_mask,3077.png
3078,with_mask,3078.png
3079,mask_weared_incorrect,3079.png
3080,without_mask,3080.png
3081,without_mask,3081.png
3082,without_mask,3082.png
3083,without_mask,3083.png
3084,with_mask,3084.png
3085,with_mask,3085.png
3086,mask_weared_incorrect,3086.png
3087,without_mask,3087.png
3088,without_mask,3088.png
3089,with_mask,3089.png
3090,with_mask,3090.png
3091,with_mask,3091.png
3092,with_mask,3092.png
3093,with_mask,3093.png
3094,with_mask,3094.png
3095,with_mask,3095.png
3096,with_mask,3096.png
3097,with_mask,3097.png
3098,with_mask,3098.png
3099,with_mask,3099.png
3100,without_mask,3100.png
3101,with_mask,3101.png
3102,with_mask,3102.png
3103,with_mask,3103.png
3104,with_mask,3104.png
3105,with_mask,3105.png
3106,with_mask,3106.png
3107,with_mask,3107.png
3108,with_mask,3108.png
3109,with_mask,3109.png
3110,with_mask,3110.png
3111,with_mask,3111.png
3112,with_mask,3112.png
3113,with_mask,3113.png
3114,with_mask,3114.png
3115,with_mask,3115.png
3116,with_mask,3116.png
3117,with_mask,3117.png
3118,with_mask,3118.png
3119,with_mask,3119.png
3120,with_mask,3120.png
3121,with_mask,3121.png
3122,with_mask,3122.png
3123,without_mask,3123.png
3124,with_mask,3124.png
3125,with_mask,3125.png
3126,with_mask,3126.png
3127,with_mask,3127.png
3128,without_mask,3128.png
3129,mask_weared_incorrect,3129.png
3130,with_mask,3130.png
3131,with_mask,3131.png
3132,with_mask,3132.png
3133,mask_weared_incorrect,3133.png
3134,with_mask,3134.png
3135,with_mask,3135.png
3136,with_mask,3136.png
3137,with_mask,3137.png
3138,without_mask,3138.png
3139,with_mask,3139.png
3140,with_mask,3140.png
3141,with_mask,3141.png
3142,with_mask,3142.png
3143,with_mask,3143.png
3144,without_mask,3144.png
3145,without_mask,3145.png
3146,with_mask,3146.png
3147,with_mask,3147.png
3148,with_mask,3148.png
3149,with_mask,3149.png
3150,with_mask,3150.png
3151,with_mask,3151.png
3152,with_mask,3152.png
3153,with_mask,3153.png
3154,with_mask,3154.png
3155,with_mask,3155.png
3156,with_mask,3156.png
3157,with_mask,3157.png
3158,with_mask,3158.png
3159,with_mask,3159.png
3160,with_mask,3160.png
3161,with_mask,3161.png
3162,with_mask,3162.png
3163,with_mask,3163.png
3164,with_mask,3164.png
3165,with_mask,3165.png
3166,with_mask,3166.png
3167,with_mask,3167.png
3168,with_mask,3168.png
3169,with_mask,3169.png
3170,with_mask,3170.png
3171,without_mask,3171.png
3172,with_mask,3172.png
3173,with_mask,3173.png
3174,with_mask,3174.png
3175,with_mask,3175.png
3176,with_mask,3176.png
3177,with_mask,3177.png
3178,with_mask,3178.png
3179,with_mask,3179.png
3180,with_mask,3180.png
3181,with_mask,3181.png
3182,with_mask,3182.png
3183,with_mask,3183.png
3184,with_mask,3184.png
3185,with_mask,3185.png
3186,with_mask,3186.png
3187,mask_weared_incorrect,3187.png
3188,with_mask,3188.png
3189,with_mask,3189.png
3190,with_mask,3190.png
3191,with_mask,3191.png
3192,with_mask,3192.png
3193,with_mask,3193.png
3194,with_mask,3194.png
3195,with_mask,3195.png
3196,without_mask,3196.png
3197,without_mask,3197.png
3198,with_mask,3198.png
3199,with_mask,3199.png
3200,with_mask,3200.png
3201,with_mask,3201.png
3202,with_mask,3202.png
3203,with_mask,3203.png
3204,with_mask,3204.png
3205,with_mask,3205.png
3206,with_mask,3206.png
3207,with_mask,3207.png
3208,with_mask,3208.png
3209,without_mask,3209.png
3210,with_mask,3210.png
3211,with_mask,3211.png
3212,without_mask,3212.png
3213,with_mask,3213.png
3214,with_mask,3214.png
3215,with_mask,3215.png
3216,with_mask,3216.png
3217,with_mask,3217.png
3218,with_mask,3218.png
3219,with_mask,3219.png
3220,with_mask,3220.png
3221,with_mask,3221.png
3222,with_mask,3222.png
3223,with_mask,3223.png
3224,with_mask,3224.png
3225,with_mask,3225.png
3226,with_mask,3226.png
3227,with_mask,3227.png
3228,without_mask,3228.png
3229,without_mask,3229.png
3230,without_mask,3230.png
3231,with_mask,3231.png
3232,with_mask,3232.png
3233,with_mask,3233.png
3234,with_mask,3234.png
3235,mask_weared_incorrect,3235.png
3236,mask_weared_incorrect,3236.png
3237,mask_weared_incorrect,3237.png
3238,without_mask,3238.png
3239,without_mask,3239.png
3240,without_mask,3240.png
3241,without_mask,3241.png
3242,with_mask,3242.png
3243,without_mask,3243.png
3244,without_mask,3244.png
3245,without_mask,3245.png
3246,without_mask,3246.png
3247,with_mask,3247.png
3248,with_mask,3248.png
3249,with_mask,3249.png
3250,without_mask,3250.png
3251,without_mask,3251.png
3252,without_mask,3252.png
3253,without_mask,3253.png
3254,with_mask,3254.png
3255,with_mask,3255.png
3256,with_mask,3256.png
3257,with_mask,3257.png
3258,without_mask,3258.png
3259,with_mask,3259.png
3260,with_mask,3260.png
3261,with_mask,3261.png
3262,with_mask,3262.png
3263,mask_weared_incorrect,3263.png
3264,with_mask,3264.png
3265,with_mask,3265.png
3266,with_mask,3266.png
3267,with_mask,3267.png
3268,with_mask,3268.png
3269,without_mask,3269.png
3270,with_mask,3270.png
3271,without_mask,3271.png
3272,without_mask,3272.png
3273,with_mask,3273.png
3274,with_mask,3274.png
3275,without_mask,3275.png
3276,with_mask,3276.png
3277,with_mask,3277.png
3278,without_mask,3278.png
3279,with_mask,3279.png
3280,with_mask,3280.png
3281,with_mask,3281.png
3282,with_mask,3282.png
3283,with_mask,3283.png
3284,with_mask,3284.png
3285,with_mask,3285.png
3286,with_mask,3286.png
3287,with_mask,3287.png
3288,with_mask,3288.png
3289,with_mask,3289.png
3290,with_mask,3290.png
3291,with_mask,3291.png
3292,with_mask,3292.png
3293,with_mask,3293.png
3294,with_mask,3294.png
3295,with_mask,3295.png
3296,with_mask,3296.png
3297,with_mask,3297.png
3298,with_mask,3298.png
3299,with_mask,3299.png
3300,with_mask,3300.png
3301,with_mask,3301.png
3302,with_mask,3302.png
3303,with_mask,3303.png
3304,with_mask,3304.png
3305,with_mask,3305.png
3306,with_mask,3306.png
3307,with_mask,3307.png
3308,with_mask,3308.png
3309,with_mask,3309.png
3310,with_mask,3310.png
3311,with_mask,3311.png
3312,with_mask,3312.png
3313,with_mask,3313.png
3314,with_mask,3314.png
3315,with_mask,3315.png
3316,with_mask,3316.png
3317,with_mask,3317.png
3318,with_mask,3318.png
3319,with_mask,3319.png
3320,with_mask,3320.png
3321,with_mask,3321.png
3322,with_mask,3322.png
3323,with_mask,3323.png
3324,with_mask,3324.png
3325,with_mask,3325.png
3326,without_mask,3326.png
3327,with_mask,3327.png
3328,with_mask,3328.png
3329,with_mask,3329.png
3330,with_mask,3330.png
3331,with_mask,3331.png
3332,without_mask,3332.png
3333,with_mask,3333.png
3334,with_mask,3334.png
3335,with_mask,3335.png
3336,with_mask,3336.png
3337,with_mask,3337.png
3338,with_mask,3338.png
3339,with_mask,3339.png
3340,with_mask,3340.png
3341,with_mask,3341.png
3342,with_mask,3342.png
3343,with_mask,3343.png
3344,with_mask,3344.png
3345,with_mask,3345.png
3346,with_mask,3346.png
3347,with_mask,3347.png
3348,with_mask,3348.png
3349,with_mask,3349.png
3350,without_mask,3350.png
3351,without_mask,3351.png
3352,mask_weared_incorrect,3352.png
3353,without_mask,3353.png
3354,with_mask,3354.png
3355,with_mask,3355.png
3356,with_mask,3356.png
3357,with_mask,3357.png
3358,with_mask,3358.png
3359,with_mask,3359.png
3360,with_mask,3360.png
3361,with_mask,3361.png
3362,mask_weared_incorrect,3362.png
3363,with_mask,3363.png
3364,with_mask,3364.png
3365,with_mask,3365.png
3366,with_mask,3366.png
3367,with_mask,3367.png
3368,without_mask,3368.png
3369,with_mask,3369.png
3370,with_mask,3370.png
3371,with_mask,3371.png
3372,with_mask,3372.png
3373,with_mask,3373.png
3374,without_mask,3374.png
3375,with_mask,3375.png
3376,with_mask,3376.png
3377,with_mask,3377.png
3378,with_mask,3378.png
3379,with_mask,3379.png
3380,with_mask,3380.png
3381,with_mask,3381.png
3382,with_mask,3382.png
3383,with_mask,3383.png
3384,with_mask,3384.png
3385,with_mask,3385.png
3386,with_mask,3386.png
3387,with_mask,3387.png
3388,with_mask,3388.png
3389,with_mask,3389.png
3390,with_mask,3390.png
3391,with_mask,3391.png
3392,without_mask,3392.png
3393,with_mask,3393.png
3394,without_mask,3394.png
3395,without_mask,3395.png
3396,without_mask,3396.png
3397,with_mask,3397.png
3398,with_mask,3398.png
3399,without_mask,3399.png
3400,without_mask,3400.png
3401,with_mask,3401.png
3402,with_mask,3402.png
3403,with_mask,3403.png
3404,with_mask,3404.png
3405,without_mask,3405.png
3406,with_mask,3406.png
3407,without_mask,3407.png
3408,without_mask,3408.png
3409,with_mask,3409.png
3410,with_mask,3410.png
3411,with_mask,3411.png
3412,with_mask,3412.png
3413,with_mask,3413.png
3414,mask_weared_incorrect,3414.png
3415,with_mask,3415.png
3416,without_mask,3416.png
3417,with_mask,3417.png
3418,with_mask,3418.png
3419,with_mask,3419.png
3420,with_mask,3420.png
3421,with_mask,3421.png
3422,with_mask,3422.png
3423,with_mask,3423.png
3424,with_mask,3424.png
3425,with_mask,3425.png
3426,with_mask,3426.png
3427,with_mask,3427.png
3428,with_mask,3428.png
3429,with_mask,3429.png
3430,with_mask,3430.png
3431,without_mask,3431.png
3432,without_mask,3432.png
3433,with_mask,3433.png
3434,with_mask,3434.png
3435,with_mask,3435.png
3436,with_mask,3436.png
3437,with_mask,3437.png
3438,with_mask,3438.png
3439,with_mask,3439.png
3440,without_mask,3440.png
3441,without_mask,3441.png
3442,without_mask,3442.png
3443,without_mask,3443.png
3444,without_mask,3444.png
3445,without_mask,3445.png
3446,with_mask,3446.png
3447,with_mask,3447.png
3448,with_mask,3448.png
3449,with_mask,3449.png
3450,mask_weared_incorrect,3450.png
3451,with_mask,3451.png
3452,with_mask,3452.png
3453,with_mask,3453.png
3454,with_mask,3454.png
3455,with_mask,3455.png
3456,with_mask,3456.png
3457,with_mask,3457.png
3458,with_mask,3458.png
3459,with_mask,3459.png
3460,with_mask,3460.png
3461,with_mask,3461.png
3462,with_mask,3462.png
3463,with_mask,3463.png
3464,with_mask,3464.png
3465,with_mask,3465.png
3466,with_mask,3466.png
3467,with_mask,3467.png
3468,with_mask,3468.png
3469,with_mask,3469.png
3470,with_mask,3470.png
3471,with_mask,3471.png
3472,with_mask,3472.png
3473,with_mask,3473.png
3474,with_mask,3474.png
3475,with_mask,3475.png
3476,with_mask,3476.png
3477,with_mask,3477.png
3478,with_mask,3478.png
3479,with_mask,3479.png
3480,with_mask,3480.png
3481,with_mask,3481.png
3482,without_mask,3482.png
3483,with_mask,3483.png
3484,with_mask,3484.png
3485,mask_weared_incorrect,3485.png
3486,with_mask,3486.png
3487,with_mask,3487.png
3488,with_mask,3488.png
3489,with_mask,3489.png
3490,with_mask,3490.png
3491,with_mask,3491.png
3492,with_mask,3492.png
3493,mask_weared_incorrect,3493.png
3494,with_mask,3494.png
3495,with_mask,3495.png
3496,with_mask,3496.png
3497,with_mask,3497.png
3498,with_mask,3498.png
3499,with_mask,3499.png
3500,with_mask,3500.png
3501,with_mask,3501.png
3502,with_mask,3502.png
3503,with_mask,3503.png
3504,with_mask,3504.png
3505,with_mask,3505.png
3506,with_mask,3506.png
3507,with_mask,3507.png
3508,without_mask,3508.png
3509,without_mask,3509.png
3510,without_mask,3510.png
3511,without_mask,3511.png
3512,without_mask,3512.png
3513,without_mask,3513.png
3514,without_mask,3514.png
3515,without_mask,3515.png
3516,with_mask,3516.png
3517,with_mask,3517.png
3518,without_mask,3518.png
3519,with_mask,3519.png
3520,with_mask,3520.png
3521,with_mask,3521.png
3522,with_mask,3522.png
3523,with_mask,3523.png
3524,with_mask,3524.png
3525,with_mask,3525.png
3526,with_mask,3526.png
3527,with_mask,3527.png
3528,with_mask,3528.png
3529,with_mask,3529.png
3530,with_mask,3530.png
3531,with_mask,3531.png
3532,with_mask,3532.png
3533,with_mask,3533.png
3534,with_mask,3534.png
3535,with_mask,3535.png
3536,with_mask,3536.png
3537,without_mask,3537.png
3538,with_mask,3538.png
3539,with_mask,3539.png
3540,with_mask,3540.png
3541,with_mask,3541.png
3542,with_mask,3542.png
3543,with_mask,3543.png
3544,with_mask,3544.png
3545,without_mask,3545.png
3546,with_mask,3546.png
3547,with_mask,3547.png
3548,with_mask,3548.png
3549,with_mask,3549.png
3550,with_mask,3550.png
3551,with_mask,3551.png
3552,with_mask,3552.png
3553,with_mask,3553.png
3554,with_mask,3554.png
3555,with_mask,3555.png
3556,with_mask,3556.png
3557,with_mask,3557.png
3558,with_mask,3558.png
3559,with_mask,3559.png
3560,mask_weared_incorrect,3560.png
3561,without_mask,3561.png
3562,with_mask,3562.png
3563,with_mask,3563.png
3564,with_mask,3564.png
3565,with_mask,3565.png
3566,with_mask,3566.png
3567,with_mask,3567.png
3568,with_mask,3568.png
3569,without_mask,3569.png
3570,with_mask,3570.png
3571,mask_weared_incorrect,3571.png
3572,with_mask,3572.png
3573,with_mask,3573.png
3574,without_mask,3574.png
3575,mask_weared_incorrect,3575.png
3576,without_mask,3576.png
3577,mask_weared_incorrect,3577.png
3578,without_mask,3578.png
3579,without_mask,3579.png
3580,with_mask,3580.png
3581,mask_weared_incorrect,3581.png
3582,with_mask,3582.png
3583,with_mask,3583.png
3584,with_mask,3584.png
3585,with_mask,3585.png
3586,with_mask,3586.png
3587,with_mask,3587.png
3588,with_mask,3588.png
3589,with_mask,3589.png
3590,with_mask,3590.png
3591,with_mask,3591.png
3592,with_mask,3592.png
3593,with_mask,3593.png
3594,with_mask,3594.png
3595,with_mask,3595.png
3596,with_mask,3596.png
3597,with_mask,3597.png
3598,with_mask,3598.png
3599,with_mask,3599.png
3600,with_mask,3600.png
3601,with_mask,3601.png
3602,with_mask,3602.png
3603,with_mask,3603.png
3604,without_mask,3604.png
3605,without_mask,3605.png
3606,with_mask,3606.png
3607,with_mask,3607.png
3608,with_mask,3608.png
3609,with_mask,3609.png
3610,with_mask,3610.png
3611,with_mask,3611.png
3612,with_mask,3612.png
3613,without_mask,3613.png
3614,without_mask,3614.png
3615,with_mask,3615.png
3616,with_mask,3616.png
3617,with_mask,3617.png
3618,without_mask,3618.png
3619,without_mask,3619.png
3620,without_mask,3620.png
3621,without_mask,3621.png
3622,without_mask,3622.png
3623,without_mask,3623.png
3624,without_mask,3624.png
3625,without_mask,3625.png
3626,with_mask,3626.png
3627,without_mask,3627.png
3628,without_mask,3628.png
3629,without_mask,3629.png
3630,without_mask,3630.png
3631,without_mask,3631.png
3632,with_mask,3632.png
3633,with_mask,3633.png
3634,with_mask,3634.png
3635,with_mask,3635.png
3636,with_mask,3636.png
3637,with_mask,3637.png
3638,with_mask,3638.png
3639,with_mask,3639.png
3640,with_mask,3640.png
3641,with_mask,3641.png
3642,with_mask,3642.png
3643,with_mask,3643.png
3644,without_mask,3644.png
3645,with_mask,3645.png
3646,with_mask,3646.png
3647,with_mask,3647.png
3648,with_mask,3648.png
3649,with_mask,3649.png
3650,with_mask,3650.png
3651,with_mask,3651.png
3652,with_mask,3652.png
3653,with_mask,3653.png
3654,with_mask,3654.png
3655,with_mask,3655.png
3656,with_mask,3656.png
3657,with_mask,3657.png
3658,with_mask,3658.png
3659,with_mask,3659.png
3660,with_mask,3660.png
3661,with_mask,3661.png
3662,with_mask,3662.png
3663,with_mask,3663.png
3664,with_mask,3664.png
3665,with_mask,3665.png
3666,with_mask,3666.png
3667,mask_weared_incorrect,3667.png
3668,with_mask,3668.png
3669,with_mask,3669.png
3670,with_mask,3670.png
3671,with_mask,3671.png
3672,with_mask,3672.png
3673,with_mask,3673.png
3674,without_mask,3674.png
3675,with_mask,3675.png
3676,with_mask,3676.png
3677,with_mask,3677.png
3678,with_mask,3678.png
3679,with_mask,3679.png
3680,with_mask,3680.png
3681,with_mask,3681.png
3682,with_mask,3682.png
3683,without_mask,3683.png
3684,with_mask,3684.png
3685,with_mask,3685.png
3686,with_mask,3686.png
3687,mask_weared_incorrect,3687.png
3688,without_mask,3688.png
3689,with_mask,3689.png
3690,with_mask,3690.png
3691,with_mask,3691.png
3692,without_mask,3692.png
3693,with_mask,3693.png
3694,with_mask,3694.png
3695,with_mask,3695.png
3696,with_mask,3696.png
3697,with_mask,3697.png
3698,with_mask,3698.png
3699,with_mask,3699.png
3700,with_mask,3700.png
3701,with_mask,3701.png
3702,with_mask,3702.png
3703,with_mask,3703.png
3704,with_mask,3704.png
3705,with_mask,3705.png
3706,with_mask,3706.png
3707,with_mask,3707.png
3708,with_mask,3708.png
3709,with_mask,3709.png
3710,with_mask,3710.png
3711,with_mask,3711.png
3712,with_mask,3712.png
3713,without_mask,3713.png
3714,without_mask,3714.png
3715,without_mask,3715.png
3716,without_mask,3716.png
3717,without_mask,3717.png
3718,with_mask,3718.png
3719,with_mask,3719.png
3720,with_mask,3720.png
3721,without_mask,3721.png
3722,with_mask,3722.png
3723,with_mask,3723.png
3724,with_mask,3724.png
3725,without_mask,3725.png
3726,with_mask,3726.png
3727,with_mask,3727.png
3728,mask_weared_incorrect,3728.png
3729,with_mask,3729.png
3730,with_mask,3730.png
3731,with_mask,3731.png
3732,with_mask,3732.png
3733,with_mask,3733.png
3734,with_mask,3734.png
3735,with_mask,3735.png
3736,with_mask,3736.png
3737,with_mask,3737.png
3738,with_mask,3738.png
3739,with_mask,3739.png
3740,with_mask,3740.png
3741,with_mask,3741.png
3742,with_mask,3742.png
3743,with_mask,3743.png
3744,with_mask,3744.png
3745,with_mask,3745.png
3746,with_mask,3746.png
3747,with_mask,3747.png
3748,with_mask,3748.png
3749,with_mask,3749.png
3750,with_mask,3750.png
3751,with_mask,3751.png
3752,with_mask,3752.png
3753,with_mask,3753.png
3754,with_mask,3754.png
3755,with_mask,3755.png
3756,with_mask,3756.png
3757,with_mask,3757.png
3758,with_mask,3758.png
3759,with_mask,3759.png
3760,with_mask,3760.png
3761,with_mask,3761.png
3762,without_mask,3762.png
3763,with_mask,3763.png
3764,with_mask,3764.png
3765,with_mask,3765.png
3766,with_mask,3766.png
3767,with_mask,3767.png
3768,with_mask,3768.png
3769,with_mask,3769.png
3770,with_mask,3770.png
3771,with_mask,3771.png
3772,with_mask,3772.png
3773,with_mask,3773.png
3774,with_mask,3774.png
3775,with_mask,3775.png
3776,with_mask,3776.png
3777,with_mask,3777.png
3778,with_mask,3778.png
3779,with_mask,3779.png
3780,with_mask,3780.png
3781,with_mask,3781.png
3782,with_mask,3782.png
3783,with_mask,3783.png
3784,without_mask,3784.png
3785,without_mask,3785.png
3786,with_mask,3786.png
3787,with_mask,3787.png
3788,with_mask,3788.png
3789,with_mask,3789.png
3790,with_mask,3790.png
3791,with_mask,3791.png
3792,with_mask,3792.png
3793,with_mask,3793.png
3794,with_mask,3794.png
3795,with_mask,3795.png
3796,with_mask,3796.png
3797,with_mask,3797.png
3798,with_mask,3798.png
3799,with_mask,3799.png
3800,with_mask,3800.png
3801,with_mask,3801.png
3802,with_mask,3802.png
3803,with_mask,3803.png
3804,with_mask,3804.png
3805,with_mask,3805.png
3806,with_mask,3806.png
3807,with_mask,3807.png
3808,with_mask,3808.png
3809,with_mask,3809.png
3810,with_mask,3810.png
3811,with_mask,3811.png
3812,with_mask,3812.png
3813,with_mask,3813.png
3814,with_mask,3814.png
3815,with_mask,3815.png
3816,with_mask,3816.png
3817,with_mask,3817.png
3818,with_mask,3818.png
3819,with_mask,3819.png
3820,with_mask,3820.png
3821,with_mask,3821.png
3822,with_mask,3822.png
3823,with_mask,3823.png
3824,mask_weared_incorrect,3824.png
3825,with_mask,3825.png
3826,with_mask,3826.png
3827,with_mask,3827.png
3828,without_mask,3828.png
3829,with_mask,3829.png
3830,with_mask,3830.png
3831,with_mask,3831.png
3832,with_mask,3832.png
3833,with_mask,3833.png
3834,with_mask,3834.png
3835,with_mask,3835.png
3836,with_mask,3836.png
3837,with_mask,3837.png
3838,with_mask,3838.png
3839,with_mask,3839.png
3840,with_mask,3840.png
3841,mask_weared_incorrect,3841.png
3842,with_mask,3842.png
3843,with_mask,3843.png
3844,with_mask,3844.png
3845,with_mask,3845.png
3846,with_mask,3846.png
3847,without_mask,3847.png
3848,without_mask,3848.png
3849,with_mask,3849.png
3850,with_mask,3850.png
3851,with_mask,3851.png
3852,with_mask,3852.png
3853,with_mask,3853.png
3854,with_mask,3854.png
3855,with_mask,3855.png
3856,with_mask,3856.png
3857,with_mask,3857.png
3858,without_mask,3858.png
3859,with_mask,3859.png
3860,with_mask,3860.png
3861,with_mask,3861.png
3862,with_mask,3862.png
3863,with_mask,3863.png
3864,with_mask,3864.png
3865,with_mask,3865.png
3866,with_mask,3866.png
3867,with_mask,3867.png
3868,with_mask,3868.png
3869,without_mask,3869.png
3870,without_mask,3870.png
3871,without_mask,3871.png
3872,without_mask,3872.png
3873,with_mask,3873.png
3874,with_mask,3874.png
3875,with_mask,3875.png
3876,without_mask,3876.png
3877,mask_weared_incorrect,3877.png
3878,with_mask,3878.png
3879,with_mask,3879.png
3880,without_mask,3880.png
3881,with_mask,3881.png
3882,with_mask,3882.png
3883,with_mask,3883.png
3884,without_mask,3884.png
3885,with_mask,3885.png
3886,with_mask,3886.png
3887,with_mask,3887.png
3888,with_mask,3888.png
3889,with_mask,3889.png
3890,with_mask,3890.png
3891,with_mask,3891.png
3892,with_mask,3892.png
3893,with_mask,3893.png
3894,with_mask,3894.png
3895,with_mask,3895.png
3896,with_mask,3896.png
3897,with_mask,3897.png
3898,with_mask,3898.png
3899,with_mask,3899.png
3900,with_mask,3900.png
3901,with_mask,3901.png
3902,with_mask,3902.png
3903,with_mask,3903.png
3904,with_mask,3904.png
3905,with_mask,3905.png
3906,without_mask,3906.png
3907,without_mask,3907.png
3908,with_mask,3908.png
3909,without_mask,3909.png
3910,with_mask,3910.png
3911,with_mask,3911.png
3912,with_mask,3912.png
3913,without_mask,3913.png
3914,mask_weared_incorrect,3914.png
3915,with_mask,3915.png
3916,mask_weared_incorrect,3916.png
3917,with_mask,3917.png
3918,with_mask,3918.png
3919,with_mask,3919.png
3920,with_mask,3920.png
3921,with_mask,3921.png
3922,with_mask,3922.png
3923,mask_weared_incorrect,3923.png
3924,with_mask,3924.png
3925,with_mask,3925.png
3926,with_mask,3926.png
3927,with_mask,3927.png
3928,with_mask,3928.png
3929,without_mask,3929.png
3930,with_mask,3930.png
3931,with_mask,3931.png
3932,with_mask,3932.png
3933,with_mask,3933.png
3934,with_mask,3934.png
3935,with_mask,3935.png
3936,with_mask,3936.png
3937,with_mask,3937.png
3938,with_mask,3938.png
3939,with_mask,3939.png
3940,without_mask,3940.png
3941,without_mask,3941.png
3942,with_mask,3942.png
3943,with_mask,3943.png
3944,with_mask,3944.png
3945,with_mask,3945.png
3946,with_mask,3946.png
3947,with_mask,3947.png
3948,with_mask,3948.png
3949,with_mask,3949.png
3950,with_mask,3950.png
3951,with_mask,3951.png
3952,with_mask,3952.png
3953,with_mask,3953.png
3954,mask_weared_incorrect,3954.png
3955,without_mask,3955.png
3956,with_mask,3956.png
3957,with_mask,3957.png
3958,with_mask,3958.png
3959,with_mask,3959.png
3960,with_mask,3960.png
3961,with_mask,3961.png
3962,with_mask,3962.png
3963,with_mask,3963.png
3964,with_mask,3964.png
3965,with_mask,3965.png
3966,with_mask,3966.png
3967,with_mask,3967.png
3968,with_mask,3968.png
3969,with_mask,3969.png
3970,with_mask,3970.png
3971,with_mask,3971.png
3972,with_mask,3972.png
3973,with_mask,3973.png
3974,with_mask,3974.png
3975,with_mask,3975.png
3976,with_mask,3976.png
3977,with_mask,3977.png
3978,with_mask,3978.png
3979,with_mask,3979.png
3980,with_mask,3980.png
3981,with_mask,3981.png
3982,with_mask,3982.png
3983,with_mask,3983.png
3984,with_mask,3984.png
3985,without_mask,3985.png
3986,with_mask,3986.png
3987,with_mask,3987.png
3988,without_mask,3988.png
3989,without_mask,3989.png
3990,with_mask,3990.png
3991,with_mask,3991.png
3992,with_mask,3992.png
3993,with_mask,3993.png
3994,with_mask,3994.png
3995,with_mask,3995.png
3996,with_mask,3996.png
3997,with_mask,3997.png
3998,with_mask,3998.png
3999,with_mask,3999.png
4000,with_mask,4000.png
4001,with_mask,4001.png
4002,with_mask,4002.png
4003,with_mask,4003.png
4004,with_mask,4004.png
4005,with_mask,4005.png
4006,with_mask,4006.png
4007,with_mask,4007.png
4008,with_mask,4008.png
4009,with_mask,4009.png
4010,with_mask,4010.png
4011,with_mask,4011.png
4012,with_mask,4012.png
4013,with_mask,4013.png
4014,with_mask,4014.png
4015,with_mask,4015.png
4016,with_mask,4016.png
4017,with_mask,4017.png
4018,with_mask,4018.png
4019,with_mask,4019.png
4020,with_mask,4020.png
4021,mask_weared_incorrect,4021.png
4022,without_mask,4022.png
4023,with_mask,4023.png
4024,with_mask,4024.png
4025,with_mask,4025.png
4026,with_mask,4026.png
4027,with_mask,4027.png
4028,with_mask,4028.png
4029,with_mask,4029.png
4030,with_mask,4030.png
4031,with_mask,4031.png
4032,with_mask,4032.png
4033,with_mask,4033.png
4034,with_mask,4034.png
4035,with_mask,4035.png
4036,with_mask,4036.png
4037,with_mask,4037.png
4038,with_mask,4038.png
4039,with_mask,4039.png
4040,with_mask,4040.png
4041,without_mask,4041.png
4042,with_mask,4042.png
4043,with_mask,4043.png
4044,with_mask,4044.png
4045,with_mask,4045.png
4046,with_mask,4046.png
4047,with_mask,4047.png
4048,with_mask,4048.png
4049,with_mask,4049.png
4050,with_mask,4050.png
4051,with_mask,4051.png
4052,with_mask,4052.png
4053,with_mask,4053.png
4054,with_mask,4054.png
4055,with_mask,4055.png
4056,with_mask,4056.png
4057,mask_weared_incorrect,4057.png
4058,without_mask,4058.png
4059,without_mask,4059.png
4060,with_mask,4060.png
4061,without_mask,4061.png
4062,without_mask,4062.png
4063,with_mask,4063.png
4064,with_mask,4064.png
4065,with_mask,4065.png
4066,with_mask,4066.png
4067,with_mask,4067.png
4068,with_mask,4068.png
4069,mask_weared_incorrect,4069.png
4070,with_mask,4070.png
4071,with_mask,4071.png
